Item, Full Name, Kaha Use Hota Hai, Function
Ball Valve,Ball Valve,"Plumbing, Water Supply, Bathroom",Quick ON/OFF Flow Control,
Gate Valve,Gate Valve,"Main Water Line, Fire Fighting",Main Isolation Valve,
Butterfly Valve,Butterfly Valve,"Fire Fighting, HVAC, Large Water Line",ON/OFF for Large Diameter Pipes,
Globe Valve,Globe Valve,"Steam Line, Hot Water Line",Flow Regulation,
Check Valve,Non Return Valve (NRV),"Pump Outlet, Water Supply",Prevents Reverse Flow,
Foot Valve,Foot Valve,Pump Suction Line,Keeps Pump Primed,
Needle Valve,Needle Valve,"Pressure Gauge, Instrument Line",Precise Flow Control,
Plug Valve,Plug Valve,"Oil, Gas, Chemical Plant",Quick ON/OFF,
Diaphragm Valve,Diaphragm Valve,"Chemical, Water Treatment",Leak-Free Flow Control,
Pinch Valve,Pinch Valve,"Slurry, Sewage, Chemical",Controls Thick Fluids,
Piston Valve,Piston Valve,"Steam, High Pressure Line",Flow Shut Off,
Relief Valve,Pressure Relief Valve,"Boiler, Pump, Compressor",Releases Excess Pressure,
Safety Valve,Safety Valve,"Boiler, Pressure Vessel",Protects from Over Pressure,
Pressure Reducing Valve,PRV,High Rise Building Water Supply,Reduces Water Pressure,
Pressure Sustaining Valve,Pressure Sustaining Valve,Water Distribution,Maintains Upstream Pressure,
Control Valve,Control Valve,"HVAC, Process Plant",Automatic Flow Control,
Solenoid Valve,Solenoid Valve,"RO Plant, Sensor Tap, Irrigation",Electrically Operated Valve,
Float Valve,Float Valve,"Overhead Tank, Water Tank",Automatic Water Level Control,
Air Release Valve,Air Valve,Water Pipeline,Removes Trapped Air,
Vacuum Breaker Valve,Vacuum Breaker,Water Supply System,Prevents Back Siphonage,
Angle Valve,Angle Valve,"Wash Basin, Sink",Fixture Water Control,
Angle Cock,Angle Cock,Bathroom Plumbing,ON/OFF Water Supply,
Bib Cock Valve,Bib Cock,"Garden, Outdoor Tap",Water Outlet Control,
Stop Valve,Stop Valve,House Water Line,Isolates Water Supply,
Flush Valve,Flush Valve,"WC, Urinal",Flush Water Control,
Mixing Valve,Mixing Valve,"Shower, Hot Water System",Mixes Hot & Cold Water,
Thermostatic Mixing Valve,TMV,"Hotel, Hospital Bathroom",Maintains Constant Temperature,
Balancing Valve,Balancing Valve,HVAC System,Balances Water Flow,
Drain Valve,Drain Valve,"Tank, Pipeline",Drain Water,
Bleed Valve,Bleed Valve,"Hydraulic, HVAC",Releases Air/Pressure,
Sampling Valve,Sampling Valve,Chemical Plant,Takes Fluid Sample,
Knife Gate Valve,Knife Gate Valve,"Sewage, Slurry",Cuts Through Thick Slurry,
Steam Trap,Steam Trap,Steam Line,Removes Condensate,
Motorized Valve,Motorized Valve,"BMS, HVAC",Automatic Electric Operation,
Actuated Butterfly Valve,Pneumatic/Electric Butterfly Valve,"Fire Fighting, HVAC",Remote ON/OFF,
Actuated Ball Valve,Pneumatic/Electric Ball Valve,Process Plant,Automatic Flow Control,
Flow Control Valve,Flow Control Valve,"Water Supply, HVAC",Adjusts Flow Rate,
Metering Valve,Metering Valve,Chemical Dosing,Accurate Flow Adjustment,
Swing Check Valve,Swing Check Valve,Water Line,One-Way Flow,
Lift Check Valve,Lift Check Valve,Vertical Pipeline,Prevents Reverse Flow,
Dual Plate Check Valve,Dual Plate Check Valve,Fire Fighting,Higher Efficiency Backflow Prevention,
Centrifugal Pump,Centrifugal Pump,"Building Water Supply, Fire Fighting, HVAC",Transfers water by centrifugal force,
Submersible Pump,Submersible Pump,"Borewell, Underground Tank, Sump",Pumps water while fully submerged,
Jet Pump,Jet Pump,"Borewell, Domestic Water Supply",Draws water from deep wells,
Booster Pump,Booster Pump,"High Rise Buildings, Hotels",Increases water pressure,
Fire Pump,Fire Pump,Fire Fighting System,Supplies high-pressure water during fire,
Jockey Pump,Jockey Pump,Fire Fighting System,Maintains fire line pressure,
Transfer Pump,Transfer Pump,"UGT to OHT, Water Transfer",Transfers water between tanks,
Sewage Pump,Sewage Pump,"STP, Basement, Drainage",Pumps sewage and wastewater,
Drainage Pump,Drainage Pump,"Basement, Pit, Construction Site",Removes accumulated water,
Slurry Pump,Slurry Pump,"Mining, Industrial Plants",Pumps slurry and abrasive liquids,
Diaphragm Pump,Diaphragm Pump,"Chemical, Slurry, Wastewater",Pumps corrosive and dirty liquids,
Gear Pump,Gear Pump,"Hydraulic System, Oil Transfer",Pumps oil and viscous fluids,
Screw Pump,Screw Pump,"Fuel Oil, Diesel, Lubrication",Pumps high-viscosity liquids,
Progressive Cavity Pump,Progressive Cavity Pump,"STP, Food Industry, Sludge",Pumps thick and viscous fluids,
Piston Pump,Piston Pump,"Pressure Washer, Hydraulic System",Produces high-pressure flow,
Plunger Pump,Plunger Pump,"RO Plant, Hydro Testing, Boiler Feed",Produces very high pressure,
Mixed Flow Pump,Mixed Flow Pump,"Irrigation, Water Treatment",Medium head and high flow,
Axial Flow Pump,Axial Flow Pump,"Flood Control, Canal, Drainage",Very high flow with low head,
Vertical Turbine Pump,Vertical Turbine Pump,"Deep Wells, Fire Water Tank",Pumps water from deep sources,
Multistage Pump,Multistage Centrifugal Pump,"High Rise Buildings, RO Plant",Provides high pressure,
Peristaltic Pump,Peristaltic Pump,"Chemical Dosing, Laboratory",Accurate chemical dosing,
Electromagnetic Pump,Electromagnetic Pump,"Laboratory, Liquid Metal",No moving parts for conductive fluids,
Vacuum Pump,Vacuum Pump,"Medical, Laboratory, Industry",Creates vacuum by removing air,
Reciprocating Pump,Reciprocating Pump,High Pressure Applications,Pumps fluid using piston motion,
Rotary Pump,Rotary Pump,"Oil, Fuel, Lubrication",Continuous fluid transfer,
Lobe Pump,Lobe Pump,"Food, Dairy, Pharmaceutical",Gentle pumping of sensitive liquids,
Chemical Dosing Pump,Chemical Dosing Pump,"Water Treatment, STP",Adds chemicals in controlled quantity,
Condensate Pump,Condensate Pump,"HVAC, Boiler",Returns condensate water,
Circulation Pump,Circulation Pump,"Hot Water, HVAC",Circulates water continuously,
Elbow 90°,90 Degree Elbow,"Water Supply, Drainage",Changes pipe direction by 90°,
Elbow 45°,45 Degree Elbow,"Water Supply, Drainage",Changes pipe direction by 45°,
Street Elbow,Street Elbow,Tight Space Plumbing,Connects male to female fitting at 90°,
Tee,Straight Tee,Water Supply,Divides flow into two directions,
Y Tee,Wye Tee (Y Branch),"Drainage, Sewer",Provides smooth branch flow,
Cross,Cross Fitting,Water Distribution,Connects four pipes,
Reducer,Reducer,"Water Supply, Fire Fighting",Reduces pipe size,
Reducer Tee,Reducer Tee,Plumbing,Branches with reduced outlet,
Reducer Elbow,Reducer Elbow,Water Supply,Changes direction and reduces size,
Coupling,Socket Coupling,Pipe Joint,Joins two same-size pipes,
Reducer Coupling,Reducing Coupling,Pipe Joint,Joins different-size pipes,
Union,Union,"Valve, Pump Connection",Easy disconnection for maintenance,
Socket,Socket,"CPVC, UPVC, GI",Joins two pipes,
Adaptor,Male/Female Adaptor,Pipe to Threaded Fitting,Converts plain to threaded connection,
Nipple,Pipe Nipple,"GI, Brass Fittings",Short threaded pipe connection,
Hex Nipple,Hex Nipple,Valve Connection,Connects two female threaded fittings,
Barrel Nipple,Barrel Nipple,Plumbing,Extends threaded connection,
Bush,Reducing Bush,Pipe Connection,Reduces threaded outlet size,
Plug,Plug,End of Pipe,Closes female threaded opening,
Cap,End Cap,Pipe End,Closes pipe permanently,
Flange,Flange,"Pump, Valve, Large Pipe",Bolted pipe connection,
Blind Flange,Blind Flange,End of Pipeline,Closes flanged pipe end,
Compression Fitting,Compression Fitting,"CPVC, PEX, Copper",Leak-proof mechanical joint,
Saddle Clamp,Service Saddle,Water Distribution,Takes branch from main pipe,
Ferrule,Ferrule,Municipal Water Line,Service connection from main line,
P Trap,P Trap,"Wash Basin, Sink",Prevents sewer gas,
S Trap,S Trap,Floor Mounted WC,Prevents sewer gas,
Bottle Trap,Bottle Trap,Wash Basin,Collects debris and blocks sewer gas,
Floor Trap,FT,Bathroom Floor,Collects floor wastewater,
Gully Trap,GT,Outside Building,Receives wastewater before drain,
Cleanout,Cleanout,Drainage System,Allows pipe cleaning,
Expansion Joint,Expansion Joint,Long Pipeline,Absorbs thermal expansion,
Flexible Connector,Flexible Hose,"Water Heater, Pump",Absorbs vibration and eases installation,
Clamp,Pipe Clamp,Pipe Support,Holds pipe in position,
U Clamp,U Clamp,Pipe Support,Secures pipe to structure,
Pipe Hanger,Pipe Hanger,Ceiling Pipe Support,Suspends pipe from ceiling,
Anchor Fastener,Anchor Bolt,Pipe Support,Fixes supports to concrete,
GI Pipe,Galvanized Iron Pipe,"Water Supply, Fire Fighting",Carries water with corrosion protection,
MS Pipe,Mild Steel Pipe,"Fire Fighting, HVAC, Industrial",High-strength water and gas pipeline,
SS Pipe,Stainless Steel Pipe,"Hospital, Food Industry, Hot Water",Corrosion-resistant water transport,
CPVC Pipe,Chlorinated Polyvinyl Chloride Pipe,Hot & Cold Water Supply,Carries hot and cold water,
UPVC Pipe,Unplasticized Polyvinyl Chloride Pipe,"Cold Water, Drainage",Carries cold water and waste water,
PVC Pipe,Polyvinyl Chloride Pipe,"Drainage, Irrigation, Electrical Conduit",Carries wastewater and cables,
HDPE Pipe,High Density Polyethylene Pipe,"Underground Water Supply, Gas",Flexible underground water transport,
MDPE Pipe,Medium Density Polyethylene Pipe,"Gas Distribution, Water Supply",Carries gas and water,
PEX Pipe,Cross Linked Polyethylene Pipe,"Hot & Cold Water, Radiant Heating",Flexible plumbing pipe,
Copper Pipe,Copper Pipe,"Hot Water, Medical Gas, HVAC",Carries hot water and refrigerant,
Brass Pipe,Brass Pipe,"Decorative Plumbing, Gas",Connection pipe for fixtures,
Cast Iron Pipe,CI Pipe,"Drainage, Soil Line",Carries sewage and wastewater,
Ductile Iron Pipe,DI Pipe,Municipal Water Supply,High-pressure water transmission,
Concrete Pipe,RCC Pipe,"Storm Water, Sewer",Large drainage pipeline,
Stoneware Pipe,SW Pipe,Sewer Line,Underground sewage transport,
Vitrified Clay Pipe,VCP,Sewer System,Chemical-resistant sewer pipeline,
ABS Pipe,Acrylonitrile Butadiene Styrene Pipe,"Drainage, Vent System",Lightweight drainage pipe,
PP-R Pipe,Polypropylene Random Copolymer Pipe,Hot & Cold Water Supply,Long-life plumbing pipe,
Flexible Hose,Braided Flexible Hose,"Basin, WC, Geyser",Connection between fixture and pipe,
Corrugated Pipe,Corrugated HDPE Pipe,"Cable Protection, Drainage",Protects cables and drains water,
Riser Pipe,Riser Pipe,High Rise Building,Vertical water distribution,
Soil Pipe,Soil Pipe,WC to Sewer,Carries soil waste,
Waste Pipe,Waste Pipe,"Basin, Sink, Shower",Carries wastewater,
Vent Pipe,Vent Pipe,Drainage System,Removes sewer gases,
Rain Water Pipe,RWP,Roof Drainage,Carries rainwater,
Fire Sprinkler Pipe,Fire Sprinkler Pipe,Fire Fighting,Supplies water to sprinklers,
Chilled Water Pipe,CHW Pipe,HVAC,Carries chilled water,
Condenser Water Pipe,CW Pipe,HVAC,Carries condenser water,
Steam Pipe,Steam Pipe,Boiler System,Carries steam,
Gas Pipe,Gas Pipe,"LPG, PNG Supply",Carries fuel gas,
Air Pipe,Compressed Air Pipe,Pneumatic System,Carries compressed air,
Chemical Pipe,Chemical Resistant Pipe,Chemical Industry,Carries chemicals safely,
Wash Basin,Wash Basin,Bathroom,Hand Washing,
Water Closet,Water Closet (WC),Toilet,Human Waste Disposal,
Urinal,Urinal,Public Toilet,Urine Collection,
Kitchen Sink,Kitchen Sink,Kitchen,Wash Utensils,
Sink,Sink,Kitchen/Lab,Washing Purpose,
Shower,Shower,Bathroom,Bathing,
Hand Shower,Hand Shower,Bathroom,Manual Bathing,
Health Faucet,Health Faucet (HF),WC,Cleaning After Toilet,
Bib Cock,Bib Cock,"Garden, Bathroom",Water Outlet,
Pillar Cock,Pillar Cock,Wash Basin,Water Outlet,
Angle Cock,Angle Cock,"Wash Basin, WC",ON/OFF Water Supply,
Stop Cock,Stop Cock,Water Supply Line,Isolate Water Supply,
Wall Mixer,Wall Mixer,Bathroom,Mix Hot & Cold Water,
Concealed Mixer,Concealed Mixer,Shower Area,Mix Hot & Cold Water,
Flush Tank,Flush Cistern,WC,Stores Flush Water,
Flush Valve,Flush Valve,"Urinal, WC",Flush Control,
Mirror,Mirror,Bathroom,Viewing Purpose,
Soap Dispenser,Soap Dispenser,Bathroom,Dispenses Liquid Soap,
Hand Dryer,Hand Dryer,Public Toilet,Dries Hands,
Towel Ring,Towel Ring,Bathroom,Holds Towel,
Towel Rail,Towel Rail,Bathroom,Holds Towels,
Robe Hook,Robe Hook,Bathroom,Hang Clothes,
Toilet Paper Holder,Toilet Paper Holder,WC,Holds Toilet Paper,
Jet Spray,Jet Spray,WC,Personal Cleaning,
Bottle Trap,Bottle Trap,Wash Basin,Prevents Sewer Gas,
P Trap,P Trap,"Wash Basin, Sink",Prevents Sewer Gas,
S Trap,S Trap,Floor Mounted WC,Prevents Sewer Gas,
Floor Trap,Floor Trap (FT),Bathroom Floor,Collects Floor Wastewater,
Gully Trap,Gully Trap (GT),Outside Building,Collects Wastewater,
Cleanout,Cleanout (CO),Drainage System,Pipe Cleaning Access,
Inspection Chamber,Inspection Chamber (IC),Underground Drainage,Inspection & Cleaning,
Manhole,Manhole (MH),Sewer Line,Access to Sewer,
Grease Trap,Grease Trap,Kitchen Drainage,Separates Oil & Grease,
Floor Drain,Floor Drain,"Bathroom, Balcony",Drains Floor Water,
Roof Drain,Roof Drain,Roof,Drains Rain Water,
Flexible Hose,Braided Flexible Hose,"Basin, Geyser",Flexible Water Connection,
Teflon Tape,PTFE Tape,Threaded Pipe Joint,Prevents Leakage,
PVC Solvent Cement,PVC Solvent Cement,UPVC/PVC Pipe,Joins PVC Pipes,
Pipe Clamp,Pipe Clamp,Pipe Support,Holds Pipe,
Pipe Hanger,Pipe Hanger,Ceiling Pipeline,Supports Suspended Pipe,
Rubber Gasket,Rubber Gasket,Flange Joint,Leak Proof Sealing,
O Ring,O Ring,"Valve, Pump",Sealing,
Thread Sealant,Thread Sealant,Threaded Joint,Prevents Leakage,
Water Meter,Water Meter,Water Supply Line,Measures Water Consumption,
Pressure Gauge,Pressure Gauge,"Pump, Pipeline",Measures Pressure,
Flow Meter,Flow Meter,Water Supply,Measures Water Flow,
Air Vent,Air Vent,Water Pipeline,Releases Trapped Air,
Expansion Tank,Expansion Tank,Hot Water System,Absorbs Pressure Increase,
Hydropneumatic Tank,Hydropneumatic Tank,Water Supply System,Maintains Water Pressure,
Overhead Tank,Overhead Water Tank (OHT,Building Roof,Stores Water,
Underground Tank,Underground Water Tank (UGT),Basement/Ground,Stores Water,
Pipe Wrench,Pipe Wrench,"GI Pipe, MS Pipe",Tighten and loosen pipes,
Adjustable Wrench,Adjustable Spanner,Nuts and Bolts,Tighten and loosen nuts,
Combination Spanner,Combination Spanner,General Plumbing,Tighten hex nuts and bolts,
Ring Spanner,Ring Spanner,Valve Installation,Tighten nuts in tight spaces,
Open End Spanner,Open End Spanner,General Maintenance,Tighten and loosen nuts,
Allen Key,Allen Key (Hex Key),"Pumps, Valves",Tighten hex socket screws,
Screwdriver,Flat Screwdriver,"Electrical, Plumbing",Tighten flat screws,
Phillips Screwdriver,Phillips Screwdriver,General Work,Tighten cross-head screws,
Pipe Cutter,Pipe Cutter,"CPVC, Copper, PPR",Cut pipes cleanly,
PVC Pipe Cutter,PVC Pipe Cutter,"PVC, CPVC, PPR",Cut plastic pipes,
Hacksaw,Hacksaw,"GI, PVC, Metal Pipe",Cut pipes and metal,
Tube Cutter,Tube Cutter,"Copper, SS Tube",Precision tube cutting,
Pipe Threading Machine,Pipe Threading Machine,GI Pipe,Create pipe threads,
Die Set,Threading Die,GI Pipe,Cut external threads,
Tap Set,Thread Tap,Threaded Hole,Create internal threads,
Reamer,Pipe Reamer,Pipe End,Remove burrs after cutting,
Deburring Tool,Deburring Tool,Pipe End,Smooth pipe edges,
Measuring Tape,Measuring Tape,All Plumbing,Measure distance,
Steel Scale,Steel Ruler,Layout Work,Short measurements,
Spirit Level,Spirit Level,Pipe Installation,Check level,
Laser Level,Laser Level,Building Layout,Accurate leveling,
Plumb Bob,Plumb Bob,Vertical Alignment,Check verticality,
Pipe Vice,Pipe Vice,Workshop,Hold pipe during work,
Bench Vice,Bench Vice,Workshop,Hold workpiece firmly,
Chain Vice,Chain Pipe Vice,Large Pipe,Hold large diameter pipe,
Grooving Machine,Pipe Grooving Machine,Fire Fighting Pipe,Make grooves on pipes,
Roll Groover,Roll Groover,Grooved Pipe System,Create groove for coupling,
Pipe Bender,Pipe Bender,"Copper, GI Pipe",Bend pipes,
Spring Bender,Spring Pipe Bender,Small Copper Pipe,Bend without damage,
Blow Torch,Gas Blow Torch,Copper Pipe,Brazing and soldering,
Soldering Iron,Soldering Iron,Small Pipe/Electrical,Solder joints,
Heat Gun,Heat Gun,"PPR, PVC Work",Heat plastic materials,
Drill Machine,Electric Drill,"Wall, Concrete",Drill holes,
Hammer,Hammer,General Work,Drive nails and fittings,
Rubber Mallet,Rubber Hammer,PVC Pipe,Fit without damage,
Chisel,Cold Chisel,Wall Chasing,Cut concrete and brick,
Angle Grinder,Angle Grinder,Metal Pipe,Cut and grind metal,
Reciprocating Saw,Reciprocating Saw,Demolition,Cut installed pipes,
Core Cutting Machine,Core Drill,Concrete Slab,Make pipe openings,
Leak Test Pump,Hydro Test Pump,Pipeline Testing,Test pipe pressure,
Pressure Gauge,Pressure Gauge,"Pipeline, Pump",Measure pressure,
Water Level Tube,Water Level Pipe,Installation,Check same level,
Marker,Marker Pen,Layout,Mark pipe locations,
PTFE Tape,PTFE (Teflon) Tape,Threaded Joint,Prevent leakage,
PVC Solvent Cement,PVC Solvent Cement,PVC/UPVC Pipe,Bond plastic pipes,
Silicone Sealant,Silicone Sealant,Sanitary Fixtures,Seal joints,
Caulking Gun,Caulking Gun,Sealant Application,Apply sealant,
Ladder,Aluminium Ladder,Site Work,Reach height safely,
Safety Helmet,Safety Helmet,Construction Site,Head protection,
Safety Gloves,Safety Gloves,Construction Site,Hand protection,
Safety Goggles,Safety Goggles,"Cutting, Grinding",Eye protection,
Safety Shoes,Safety Shoes,Construction Site,Foot protection,
PTFE Tape,Polytetrafluoroethylene (Teflon) Tape,"Threaded Pipe Joint, GI, Brass, CPVC",Prevents Water Leakage,
Electrical Tape,PVC Electrical Insulation Tape,Electrical Wiring,Insulates Electrical Wires,
Duct Tape,Duct Cloth Tape,"HVAC, Temporary Repair",Temporary Sealing and Repair,
Masking Tape,Masking Tape,Painting Work,Protects Surface During Painting,
Packing Tape,BOPP Packing Tape,Carton Box Packing,Seals Cartons,
Cello Tape,Transparent Adhesive Tape,"Office, Paper Work",Joins Paper and Light Materials,
Double Sided Tape,Double Sided Adhesive Tape,"Glass, Decoration, Mounting",Bonds Two Surfaces,
Aluminum Tape,Aluminum Foil Tape,"HVAC Duct, Insulation",Seals Duct and Insulation Joints,
Foam Tape,Adhesive Foam Tape,"Door, Window, Glass",Seals Gaps and Reduces Vibration,
Filament Tape,Fiberglass Reinforced Tape,Heavy Packaging,Provides High Strength Packing,
Kraft Tape,Kraft Paper Tape,Eco-Friendly Packaging,Seals Paper Boxes,
Anti Slip Tape,Anti Skid Tape,"Stairs, Ramps, Floors",Prevents Slipping,
Copper Tape,Copper Foil Tape,"Electrical, Earthing, EMI Shielding",Conducts Electricity and Shields EMI,
Reflective Tape,Reflective Safety Tape,"Vehicles, Road Safety",Improves Night Visibility,
Hazard Tape,Warning Barricade Tape,"Construction Site, Restricted Area",Marks Hazard Zones,
Gaffer Tape,Gaffer Cloth Tape,"Stage, Film, Events",Secures Cables Without Residue,
Nano Tape,Reusable Nano Adhesive Tape,"Home Decoration, Wall Mounting",Reusable Strong Adhesive,
Velcro Tape,Hook and Loop Tape,"Curtains, Cable Management",Reusable Fastening,
Painter's Tape,Painter's Masking Tape,Wall Painting,Creates Clean Paint Edges,
Pipe Wrapping Tape,Anti Corrosion Wrapping Tape,Underground GI/MS Pipe,Protects Pipe from Corrosion,
Bitumen Tape,Bituminous Waterproof Tape,"Roof, Pipe, Tank",Waterproof Sealing,
Self Fusing Tape,Silicone Self Amalgamating Tape,"Pipe Repair, Electrical",Leak Proof Sealing Without Adhesive,
PVC Warning Tape,Underground Warning Tape,Underground Utility Lines,Marks Buried Pipes and Cables,
Thread Seal Tape,Thread Seal Tape,Threaded Pipe Connections,Seals Threaded Joints,
Pipe Clamp,Pipe Clamp,Wall Mounted Pipe,Supports Pipe,
U Clamp,U Clamp,Pipe Support,Fixes Pipe to Structure,
Pipe Hanger,Pipe Hanger,Ceiling Pipeline,Suspends Pipe,
Clevis Hanger,Clevis Hanger,Horizontal Pipe Support,Holds Suspended Pipe,
Split Clamp,Split Pipe Clamp,Wall & Ceiling Pipe,Secures Pipe,
Saddle Clamp,Saddle Clamp,HDPE/PVC Pipe,Takes Branch Connection,
Riser Clamp,Riser Clamp,Vertical Riser Pipe,Supports Vertical Pipe,
Guide Support,Pipe Guide,Long Pipeline,Guides Pipe Movement,
Anchor Support,Pipe Anchor,Long Pipeline,Prevents Pipe Movement,
Spring Hanger,Spring Pipe Hanger,Hot Water & Steam Pipe,Absorbs Expansion,
Roller Support,Pipe Roller Support,Large Diameter Pipe,Allows Pipe Movement,
Channel Support,Unistrut Channel Support,Pipe Rack,Supports Multiple Pipes,
Pipe Shoe,Pipe Shoe,Industrial Pipeline,Protects Pipe at Support,
Rubber Pad,Anti Vibration Rubber Pad,Pump & Pipe Support,Reduces Vibration,
Rubber Gasket,Rubber Gasket,Flange Joint,Prevents Leakage,
O Ring,O Ring,Valve & Pump,Provides Sealing,
Flange Guard,Flange Safety Guard,Chemical Pipeline,Protects from Leakage Spray,
Expansion Joint,Rubber/Metal Expansion Joint,Long Pipeline,Absorbs Thermal Expansion,
Flexible Connector,Flexible Hose Connector,Pump & Water Heater,Absorbs Vibration,
Bellows,Metal Bellows,Steam & Hot Water Line,Compensates Expansion,
Pipe Sleeve,PVC/MS Sleeve,Wall & Slab Crossing,Protects Pipe Through Concrete,
Escutcheon Plate,Pipe Cover Plate,"Wash Basin, WC",Covers Pipe Opening,
Pipe Cover,Pipe Sleeve Cover,Visible Pipe,Gives Neat Finish,
Insulation,Glass Wool / Nitrile Rubber Insulation,Hot & Cold Water Pipe,Reduces Heat Loss/Gain,
Aluminium Cladding,Aluminium Cladding,Outdoor Insulated Pipe,Protects Insulation,
Pipe Marker,Pipe Identification Marker,Industrial Pipeline,Identifies Pipe Service,
Flow Arrow,Flow Direction Sticker,Pipeline,Shows Flow Direction,
Warning Tape,Underground Warning Tape,Underground Pipeline,Marks Buried Pipe,
Pipe Label,Pipe Label,Building Services,Identifies Pipe,
Pipe Saddle,Pipe Saddle Support,Horizontal Pipe,Supports Pipe,
Anchor Bolt,Anchor Fastener,Support Installation,Fixes Support to Concrete,
Thread Seal Tape,PTFE (Teflon) Tape,Threaded Joint,Seals Pipe Threads,
Pipe Wrapping Tape,Anti Corrosion Tape,Underground GI/MS Pipe,Protects from Corrosion,
PVC Solvent Cement,PVC Solvent Cement,PVC/UPVC Pipe,Joins Plastic Pipes,
Thread Sealant,Thread Sealant,Threaded Pipe,Prevents Leakage,
Silicone Sealant,Silicone Sealant,Sanitary Fixtures,Seals Gaps Around Fixtures,
P Trap,P Trap,"Wash Basin, Sink, Wall Hung WC",Prevents sewer gas by holding water,
S Trap,S Trap,Floor Mounted WC,Prevents sewer gas in floor outlet connection,
Bottle Trap,Bottle Trap,Wash Basin,Prevents sewer gas and collects small debris,
Floor Trap,FT (Floor Trap),"Bathroom, Toilet Floor",Collects floor wastewater and blocks sewer gas,
Gully Trap,GT (Gully Trap),"Outside Building, Kitchen Drain",Receives wastewater and blocks sewer gas,
Nahani Trap,Nahani Trap,Bathroom Floor,Drains bath water and prevents sewer gas,
Q Trap,Q Trap,"European WC, Special Installations",Connects WC where outlet direction requires,
Drum Trap,Drum Trap,Bathtub (Old Installations),Holds water seal and traps debris,
Running Trap,Running Trap,Underground Drainage Line,Prevents sewer gas in drain line,
Intercepting Trap,Intercepting Trap,Before Public Sewer Line,Stops sewer gas entering the building,
Grease Trap,Grease Trap,"Hotel Kitchen, Restaurant",Separates grease and oil from wastewater,
Lint Trap,Lint Trap,"Laundry, Washing Machine",Collects lint before entering drainage,
Sand Trap,Sand Trap,"Car Wash, Basement Drain",Collects sand and heavy particles,
Oil Trap,Oil Separator Trap,"Garage, Workshop",Separates oil from wastewater,
Hair Trap,Hair Trap,"Salon, Bathroom Shower",Prevents hair from blocking drainage,
Bell Trap,Bell Trap,Old Bathroom Floor,Collects floor water and blocks sewer gas,
Deep Seal Trap,Deep Seal Trap,"Hospital, Laboratory",Provides deeper water seal against sewer gas,
Bib Cock,Bib Cock,"Garden, Bathroom, Washing Area",Provides water outlet,
Pillar Cock,Pillar Cock,Wash Basin,Controls water flow to basin,
Angle Cock,Angle Cock,"Wash Basin, WC, Geyser",ON/OFF water supply to fixture,
Stop Cock,Stop Cock,Main Water Supply Line,Isolates water supply,
Long Body Bib Cock,Long Body Bib Cock,"Kitchen, Washing Area",Water outlet with long body,
Short Body Bib Cock,Short Body Bib Cock,"Bathroom, Garden",Compact water outlet,
Wall Mixer,Wall Mixer,Bathroom,Mixes hot and cold water,
Concealed Mixer,Concealed Mixer,Shower Area,Controls concealed hot and cold water,
Single Lever Mixer,Single Lever Mixer,"Kitchen, Wash Basin",Controls flow and temperature with one lever,
Center Hole Basin Mixer,Center Hole Basin Mixer,Wash Basin,Mixes hot and cold water,
Deck Mounted Mixer,Deck Mounted Mixer,"Wash Basin, Bathtub",Mounted on countertop or deck,
Wall Mounted Basin Mixer,Wall Mounted Basin Mixer,Wash Basin,Saves counter space,
Sink Cock,Sink Cock,Kitchen Sink,Provides water to sink,
Swan Neck Tap,Swan Neck Faucet,"Kitchen, Wash Basin",High curved outlet for easy washing,
Gooseneck Faucet,Gooseneck Faucet,Kitchen Sink,High arc water outlet,
Pillar Tap,Pillar Tap,Wash Basin,Simple basin water outlet,
Sensor Tap,Automatic Sensor Tap,"Airport, Hospital, Mall",Touch-free automatic operation,
Push Tap,Self Closing Push Tap,Public Washroom,Automatically closes after use,
Self Closing Tap,Self Closing Tap,Public Toilets,Saves water by automatic closing,
Quarter Turn Tap,Quarter Turn Tap,General Plumbing,Opens/closes with 90° turn,
Two Way Bib Cock,Two Way Bib Cock,Washing Machine + Tap,Supplies water to two outlets,
Three Way Mixer,Three Way Mixer,Shower System,Controls multiple water outlets,
Bath Tub Mixer,Bath Tub Mixer,Bathtub,Mixes hot and cold water,
Shower Mixer,Shower Mixer,Shower Area,Controls shower temperature,
Health Faucet,Health Faucet (Jet Spray),WC,Personal cleaning after toilet,
Shower Head,Rain Shower Head,Bathroom,Provides shower spray,
Hand Shower,Hand Shower,Bathroom,Handheld shower for bathing,
Garden Tap,Garden Faucet,"Garden, Outdoor",Outdoor water supply,
Hose Bib Tap,Hose Bib Cock,"Garden, Car Wash",Connects hose pipe,
Ball Cock,Float Ball Cock,Overhead Water Tank,Automatically controls tank water level,
Hydro Test,Hydrostatic Pressure Test,"Water Supply, Fire Fighting Pipeline",Checks leakage and pressure strength,
Leak Test,Leakage Test,All Plumbing Pipelines,Detects water leakage,
Air Pressure Test,Compressed Air Pressure Test,"Drainage, Gas Pipeline",Checks air leakage in pipeline,
Water Tightness Test,Water Tightness Test,"Water Tank, Bathroom, Terrace",Checks water leakage through structure,
Drainage Test,Drainage Flow Test,Drainage & Sewer Pipeline,Checks proper wastewater flow,
Smoke Test,Smoke Test,Drainage & Vent System,Detects cracks and leakage in drainage pipes,
Dye Test,Dye Penetration Test,"Drainage, Waterproofing",Identifies leakage path using colored dye,
Vacuum Test,Vacuum Leak Test,Drainage & Sewer Pipeline,Checks pipeline airtightness,
Flushing Test,Pipeline Flushing Test,Water Supply Pipeline,Removes dirt and debris from pipes,
Disinfection Test,Chlorination Test,Drinking Water Pipeline,Disinfects water pipeline before use,
Pressure Drop Test,Pressure Drop Test,"Water, Gas, Fire Fighting",Checks pressure loss over time,
Pump Performance Test,Pump Performance Test,Pumps,"Verifies pump flow, head and efficiency",
Flow Test,Flow Rate Test,"Water Supply, Fire Fighting",Measures water discharge,
Fire Hydrant Test,Fire Hydrant Flow Test,Fire Fighting System,Checks hydrant pressure and flow,
Sprinkler Test,Sprinkler Performance Test,Fire Fighting System,Checks sprinkler operation,
Valve Test,Valve Operation Test,All Valves,"Checks opening, closing and leakage",
Backflow Test,Backflow Prevention Test,Backflow Preventer Assembly,Ensures no reverse flow,
Water Meter Test,Water Meter Accuracy Test,Water Meter,Checks meter accuracy,
Pressure Gauge Test,Pressure Gauge Calibration Test,"Pump Room, Pipeline",Verifies pressure gauge accuracy,
CCTV Inspection Test,CCTV Drain Inspection,Underground Sewer Line,Inspects inside pipeline using camera,
Manhole Test,Manhole Inspection Test,Sewer & Drainage System,Checks manhole condition and flow,
Gravity Flow Test,Gravity Flow Test,Drainage System,Checks slope and free flow,
Fixture Test,Sanitary Fixture Test,"Wash Basin, WC, Sink, Shower",Checks fixture operation and leakage,
Water Hammer Test,Water Hammer Test,Water Supply System,Checks surge pressure in pipelines,
CWS,Cold Water Supply,Water Supply Drawing,Supplies cold water,
HWS,Hot Water Supply,Hot Water System,Supplies hot water,
HWR,Hot Water Return,Hot Water Circulation,Returns hot water to heater,
DWS,Domestic Water Supply,Building Plumbing,Supplies domestic water,
PWS,Potable Water Supply,Drinking Water Line,Supplies drinking water,
FWS,Filtered Water Supply,RO/Filtered Water System,Supplies filtered water,
RWS,Raw Water Supply,Water Treatment Plant,Supplies untreated water,
FW,Flush Water,Toilet System,Supplies flushing water,
SW,Soil Waste,WC Drainage,Carries waste from WC,
WW,Waste Water,"Wash Basin, Sink, Shower",Carries wastewater,
VP,Vent Pipe,Drainage System,Removes sewer gases,
SVP,Soil Vent Pipe,Drainage System,Vents soil pipe,
RWP,Rain Water Pipe,Roof Drainage,Carries rainwater,
RWP-R,Rain Water Pipe (Rainwater Harvesting),RWH System,Transfers rainwater to harvesting pit,
SPD,Soil Pipe Down,Drainage,Vertical soil waste pipe,
WP,Waste Pipe,"Basin, Sink",Carries grey water,
FWP,Foul Water Pipe,Sewer System,Carries foul sewage,
STP,Sewage Treatment Plant,Sewage System,Treats sewage water,
ETP,Effluent Treatment Plant,Industrial Plant,Treats industrial wastewater,
WTP,Water Treatment Plant,Water Supply,Treats raw water,
RO,Reverse Osmosis,Drinking Water System,Purifies water,
UGT,Underground Water Tank,Building,Stores water underground,
OHT,Overhead Water Tank,Building Roof,Stores water above building,
HP,Hydro Pneumatic System,High Rise Building,Maintains water pressure,
CW,Chilled Water,HVAC,Carries chilled water,
CHWR,Chilled Water Return,HVAC,Returns chilled water,
CDW,Condenser Water,HVAC,Carries condenser water,
CDWR,Condenser Water Return,HVAC,Returns condenser water,
FF,Fire Fighting,Fire Protection,System for fire safety,
FH,Fire Hydrant,Fire Fighting,Provides firefighting water,
SP,Sprinkler Pipe,Fire Fighting,Supplies sprinklers,
HD,Hose Reel Downcomer,Fire Fighting,Supplies hose reels,
PVC Solvent Cement,Polyvinyl Chloride Solvent Cement,PVC Pipe & Fittings,Joins PVC pipes permanently,
UPVC Solvent Cement,Unplasticized PVC Solvent Cement,UPVC Pipe & Fittings,Bonds UPVC pipes leak-proof,
CPVC Solvent Cement,Chlorinated PVC Solvent Cement,CPVC Hot & Cold Water Pipes,Joins CPVC pipes permanently,
Heavy Duty PVC Cement,Heavy Duty PVC Solvent Cement,Large Diameter PVC Pipes,Provides strong pipe joints,
Medium Body PVC Cement,Medium Body PVC Cement,Medium Size PVC Pipes,Creates leak-proof joints,
Clear PVC Cement,Clear PVC Solvent Cement,PVC Plumbing,Transparent pipe bonding,
Blue PVC Cement,Blue Heavy Duty PVC Cement,"Wet Conditions, Pressure Pipe",Fast setting and high strength,
ABS Cement,Acrylonitrile Butadiene Styrene Cement,ABS Pipe & Fittings,Joins ABS plastic pipes,
Transition Cement,PVC-ABS Transition Cement,PVC to ABS Pipe,Joins different plastic pipe materials,
Pipe Primer,PVC/CPVC Primer,PVC & CPVC Pipes,Cleans and softens pipe surface before cementing,
CPVC Cleaner,CPVC Pipe Cleaner,CPVC Pipes,Removes dirt and grease before joining,
PVC Cleaner,PVC Pipe Cleaner,PVC Pipes,Cleans pipe before solvent application,
Thread Sealant,Liquid Thread Sealant,Threaded Pipe Joint,Seals threaded connections,
PTFE Tape,Polytetrafluoroethylene (Teflon) Tape,Threaded Pipe Joint,Prevents leakage in threaded joints,
Pipe Joint Compound,Pipe Joint Compound,"GI, MS, Brass Threaded Pipes",Provides leak-proof threaded joints,
Silicone Sealant,Silicone Sealant,Sanitary Fixtures,Seals gaps around fixtures,
Sanitary Silicone,Anti-Fungal Silicone Sealant,Bathroom & Kitchen,Prevents water leakage and fungus,
PU Sealant,Polyurethane Sealant,Expansion Joints,Seals movement joints,
Epoxy Adhesive,Two-Part Epoxy Adhesive,Metal & Plastic Pipe Repair,Repairs damaged pipes,
Epoxy Putty,Epoxy Repair Putty,Pipe Leakage Repair,Stops minor leaks,
Pipe Repair Clamp,Stainless Steel Repair Clamp,Leaking Water Pipe,Temporary leak repair,
Rubber Repair Tape,Self Fusing Silicone Tape,Emergency Pipe Repair,Temporary leak sealing,
Anaerobic Sealant,Anaerobic Thread Sealant,Metal Threaded Joints,Seals high-pressure threaded joints,
Pipe Clamp,Pipe Clamp,Wall Mounted Water Pipe,Supports and secures pipe,
U Clamp,U Clamp,"GI, CPVC, UPVC Pipe",Fixes pipe to wall or support,
Saddle Clamp,Pipe Saddle Clamp,Water Distribution Line,Holds pipe and provides branch support,
Split Clamp,Split Pipe Clamp,Wall & Ceiling Pipe,Secures pipe with easy installation,
Riser Clamp,Riser Pipe Clamp,Vertical Riser Pipe,Supports vertical pipe at each floor,
Clevis Hanger,Clevis Pipe Hanger,Horizontal Ceiling Pipe,Suspends pipe from ceiling,
Pipe Hanger,Pipe Hanger,Ceiling Mounted Pipe,Supports suspended pipeline,
Rod Hanger,Threaded Rod Hanger,Ceiling Pipe Support,Hangs pipe using threaded rod,
Loop Hanger,Loop Pipe Hanger,Light Duty Pipe,Holds small diameter pipes,
Band Hanger,Metal Band Hanger,PVC/CPVC Pipe,Supports lightweight pipe,
Adjustable Hanger,Adjustable Pipe Hanger,Plumbing & HVAC,Allows height adjustment,
Spring Hanger,Spring Pipe Hanger,Hot Water & Steam Pipe,Absorbs vibration and thermal expansion,
Roller Support,Pipe Roller Support,Long Pipeline,Allows pipe movement due to expansion,
Guide Support,Pipe Guide Support,Long Straight Pipeline,Guides pipe movement in one direction,
Anchor Support,Pipe Anchor Support,Main Pipeline,Prevents pipe movement,
Pipe Shoe,Pipe Shoe,Industrial Pipeline,Protects pipe at support point,
Trunnion Support,Trunnion Pipe Support,Heavy Industrial Pipe,Supports heavy pipelines,
Channel Support,Unistrut Channel Support,Multiple Pipe Installation,Supports multiple pipes together,
Cantilever Bracket,Cantilever Pipe Bracket,Wall Mounted Pipe,Supports pipe away from wall,
L Bracket,L Shape Support Bracket,Small Pipe Support,Provides wall support,
U Bolt,U Bolt Clamp,Pipe Rack,Secures pipe to support frame,
Beam Clamp,Beam Clamp,Steel Structure,Connects support to steel beam,
Anchor Bolt,Anchor Fastener,Concrete Floor/Wall,Fixes support to concrete,
Pipe Sleeve,PVC/MS Pipe Sleeve,Wall & Slab Crossing,Protects pipe passing through wall/slab,
Escutcheon Plate,Escutcheon Pipe Cover,"Basin, WC, Shower",Covers wall opening around pipe,
Rubber Lined Clamp,Rubber Lined Pipe Clamp,HVAC & Chilled Water Pipe,Reduces vibration and noise,
Insulation Clamp,Insulated Pipe Clamp,Hot & Cold Water Pipe,Supports insulated pipe without damage,
Heavy Duty Clamp,Heavy Duty Pipe Clamp,Large Diameter Pipe,Supports heavy pipelines,
Double Pipe Clamp,Double Pipe Clamp,Parallel Pipe Installation,Holds two pipes together,
Three Way Clamp,Triple Pipe Clamp,Multiple Pipe Routing,Supports three pipes together,
Bourdon Tube Gauge,Bourdon Tube Pressure Gauge,"Water Supply, Pump, Fire Fighting",Measures positive pressure,
Digital Pressure Gauge,Digital Pressure Gauge,"HVAC, Water Supply, Industrial",Displays accurate digital pressure,
Glycerin Filled Gauge,Glycerin Filled Pressure Gauge,"Pump Room, Vibrating Equipment",Reduces needle vibration and gives stable reading,
Dry Pressure Gauge,Dry Pressure Gauge,General Plumbing,Measures pressure in normal conditions,
Differential Pressure Gauge,Differential Pressure Gauge,"HVAC, Filter, Pump",Measures pressure difference between two points,
Vacuum Gauge,Vacuum Pressure Gauge,"Suction Line, Vacuum Pump",Measures vacuum (negative pressure),
Compound Gauge,Compound Pressure Gauge,Pump Suction & Discharge,Measures both vacuum and pressure,
Test Pressure Gauge,Test Pressure Gauge,"Hydro Test, Pressure Testing",Checks pipeline test pressure accurately,
Low Pressure Gauge,Low Pressure Gauge,Domestic Water System,Measures low pressure,
High Pressure Gauge,High Pressure Gauge,"Fire Fighting, Boiler, Industrial",Measures high pressure,
Capsule Pressure Gauge,Capsule Pressure Gauge,Low Pressure Air & Gas,Measures very low pressure,
Diaphragm Pressure Gauge,Diaphragm Pressure Gauge,"Chemical, Slurry, Corrosive Fluids",Measures pressure of corrosive or dirty fluids,
Absolute Pressure Gauge,Absolute Pressure Gauge,"Laboratory, Research",Measures pressure relative to absolute vacuum,
PS,Plumbing Shaft,Residential & Commercial Building,Vertical shaft for plumbing services,
TS,Toilet Shaft,Behind Toilet Block,Carries water supply and drainage pipes,
Service Shaft,Service Shaft,High Rise Building,Provides space for all MEP services,
Pipe Shaft,Pipe Shaft,Multi-storey Building,Accommodates vertical plumbing pipes,
Riser Shaft,Riser Shaft,Building Core,Carries vertical riser pipes,
Wet Shaft,Wet Service Shaft,Bathroom & Kitchen Area,Contains water and drainage pipes,
Dry Shaft,Dry Service Shaft,Electrical & Telecom Area,Carries dry utility services,
Fire Shaft,Fire Fighting Shaft,High Rise Building,Carries fire fighting pipes,
Electrical Shaft,Electrical Shaft,Building Core,Carries electrical cables and bus ducts,
HVAC Shaft,HVAC Service Shaft,Commercial Building,Carries chilled water and AC ducts,
Vent Shaft,Ventilation Shaft,Toilet & Kitchen,Removes foul air and sewer gases,
Garbage Shaft,Garbage Chute Shaft,Residential Tower,Transfers waste to collection room,
Duct Shaft,MEP Duct Shaft,Commercial Building,"Carries ducts, pipes and cables",
Lift Shaft,Elevator Shaft,Building Core,Houses elevator system,
Refuge Shaft,Refuge Area Shaft,High Rise Building,Provides safe access near refuge floor,
Access Door,Shaft Access Door,Each Floor,Provides maintenance access to shaft,
Sleeve Pipe,Pipe Sleeve at Slab,Wall & Slab Crossing,Protects pipe passing through slab/wall,
Fire Stop,Fire Stop Sealant,Shaft Floor Opening,Prevents spread of fire and smoke,
Pipe Support,Riser Pipe Support,Inside Shaft,Supports vertical pipes,
Riser Clamp,Riser Pipe Clamp,Inside Shaft,Holds vertical pipes at every floor,
Floor Sleeve,Floor Sleeve,Slab Penetration,Protects pipe and allows movement,
Waterproof Seal,Waterproof Seal,Toilet & Wet Shaft,Prevents water leakage around pipe,
VC,Valve Chamber,Underground Water Supply,Provides access to underground valves,
Sluice Valve Chamber,Sluice Valve Chamber,Main Water Supply Line,Isolates water supply section,
Gate Valve Chamber,Gate Valve Chamber,Water Distribution Line,ON/OFF control of main pipeline,
Butterfly Valve Chamber,Butterfly Valve Chamber,Large Diameter Water Line,Quick isolation of pipeline,
Air Valve Chamber,Air Release Valve Chamber,High Point of Water Pipeline,Releases trapped air,
Scour Valve Chamber,Scour (Drain) Valve Chamber,Lowest Point of Water Line,Drains pipeline for maintenance,
PRV Chamber,Pressure Reducing Valve Chamber,High Pressure Water Supply,Reduces water pressure,
NRV Chamber,Non Return Valve Chamber,Pump Discharge Line,Prevents reverse water flow,
Flow Meter Chamber,Flow Meter Chamber,Main Water Line,Measures water flow,
Water Meter Chamber,Water Meter Chamber,Building Water Inlet,Measures water consumption,
Hydrant Valve Chamber,Fire Hydrant Valve Chamber,Fire Fighting Network,Controls fire hydrant supply,
Isolation Valve Chamber,Isolation Valve Chamber,Water Distribution Network,Isolates a section for repair,
Control Valve Chamber,Control Valve Chamber,Water Treatment Plant,Regulates water flow,
Washout Valve Chamber,Washout Valve Chamber,Water Main Pipeline,Flushes dirt and sediments,
Sampling Chamber,Water Sampling Chamber,Water Supply Network,Collects water samples for testing,
Inspection Chamber,Inspection Chamber,Drainage System,Provides access for inspection and cleaning,
Manhole Chamber,Manhole Chamber,Sewer Network,Access to underground sewer line,
Drain Valve Chamber,Drain Valve Chamber,Pipeline End,Drains water from pipeline,
Valve Box,Valve Box,Cover Above Underground Valve,Protects valve and provides access,
CI Cover,Cast Iron Chamber Cover,Valve Chamber,Covers chamber safely,
RCC Chamber,Reinforced Cement Concrete Chamber,Underground Valve,Protects valve structure,
Step Iron,Step Iron,Inside Deep Chamber,Provides safe access for maintenance,
Ladder,MS/SS Ladder,Deep Valve Chamber,Allows entry into chamber,
WB,Wash Basin,Bathroom,Hand washing fixture,
WC,Water Closet,Toilet,Human waste disposal,
EWC,European Water Closet,Bathroom,Western style toilet,
IWC,Indian Water Closet,Toilet,Indian style toilet,
WHB,Wall Hung Basin,Bathroom,Wall-mounted wash basin,
KS,Kitchen Sink,Kitchen,Washing utensils,
SS,Sink Service / Stainless Steel Sink,Kitchen / Utility,General washing,
UR,Urinal,Public Toilet,Urine disposal,
SH,Shower,Bathroom,Bathing fixture,
HS,Hand Shower,Bathroom,Handheld shower,
HF,Health Faucet,WC,Personal cleaning,
BT,Bathtub,Bathroom,Bathing,
FD,Floor Drain,Bathroom,Collects floor water,
FT,Floor Trap,Bathroom,Prevents sewer gas,
GT,Gully Trap,Outside Building,Collects wastewater,
BT,Bottle Trap,Wash Basin,Prevents sewer gas,
PT,P Trap,"Wash Basin, WC",Water seal trap,
ST,S Trap,Floor Mounted WC,Water seal trap,
CO,Cleanout,Drainage,Access for pipe cleaning,
IC,Inspection Chamber,Drainage,Inspection and maintenance,
MH,Manhole,Sewer Line,Access to underground sewer,
VP,Vent Pipe,Drainage,Removes sewer gases,
SVP,Soil Vent Pipe,Drainage,Vents soil pipe,
SWP,Soil Waste Pipe,Toilet,Carries soil waste,
WWP,Waste Water Pipe,"Basin, Sink, Shower",Carries wastewater,
RWP,Rain Water Pipe,Roof Drainage,Drains rainwater,
CWS,Cold Water Supply,Water Supply,Supplies cold water,
HWS,Hot Water Supply,Hot Water System,Supplies hot water,
HWR,Hot Water Return,Hot Water System,Returns hot water,
DWS,Domestic Water Supply,Building,Supplies domestic water,
FW,Flush Water,WC,Flush water supply,
UGT,Underground Water Tank,Basement,Stores water,
OHT,Overhead Water Tank,Roof,Stores water,
STP,Sewage Treatment Plant,Utility Area,Treats sewage,
WTP,Water Treatment Plant,Utility Area,Treats raw water,
HP,Hydro Pneumatic System,Pump Room,Maintains pressure,
P,Pump,Pump Room,Pumps water,
GV,Gate Valve,Water Supply,Isolates pipeline,
BV,Ball Valve,Water Supply,ON/OFF flow,
BFV,Butterfly Valve,Large Pipeline,ON/OFF flow,
NRV,Non Return Valve,Pump Line,Prevents reverse flow,
PRV,Pressure Reducing Valve,Water Supply,Reduces pressure,
ARV,Air Release Valve,Water Pipeline,Releases trapped air,
FM,Flow Meter,Main Water Line,Measures water flow,
WM,Water Meter,Building Inlet,Measures water consumption,
PG,Pressure Gauge,Pump Room,Measures pressure,
FH,Fire Hydrant,Fire Fighting,Fire water outlet,
SP,Sprinkler,Fire Fighting,Automatic fire suppression,
HR,Hose Reel,Fire Fighting,Manual firefighting,
FS,Fire Shaft,Building Core,Carries fire pipes,
PS,Plumbing Shaft,Building Core,Carries plumbing pipes,
CS,Cleanout Shaft,Drainage,Provides cleaning access,
EWC,European Water Closet,Toilet,Human waste disposal,
Concealed Cistern,Concealed Flush Cistern,Behind WC Wall,Stores and supplies flush water,
Health Faucet,Health Faucet (Jet Spray),Beside WC,Personal cleaning after toilet,
Angle Cock,Angle Cock,"Wash Basin, WC, Geyser",ON/OFF water supply to fixture,
Toilet Paper Holder,Toilet Paper Holder,Beside WC,Holds toilet paper roll,
Dust Bin,Dust Bin,"Toilet, Washroom",Collects waste,
Urinal,Wall Hung Urinal,Public Toilet,Urine disposal,
Flush Cock,Flush Cock,"Urinal, WC",Controls flushing water,
Waste Coupling,Waste Coupling,"Wash Basin, Sink",Connects basin outlet to trap,
PVC Flexible Pipe,PVC Flexible Waste Pipe,"Wash Basin, Sink",Connects waste outlet to drainage,
Under Counter Wash Basin,Under Counter Wash Basin,Bathroom Vanity,Hand washing fixture,
Waste Coupling,Waste Coupling,Wash Basin,Connects basin outlet to bottle trap,
Bottle Trap,Bottle Trap,Under Wash Basin,Prevents sewer gas and collects debris,
Pillar Tap,Pillar Tap,Wash Basin,Controls water flow,
Angle Cock,Angle Cock,Below Wash Basin,Controls water supply to tap,
Liquid Soap Dispenser,Liquid Soap Dispenser,Wash Basin,Dispenses liquid soap,
Overhead Shower,Overhead Shower,Bathroom,Provides shower spray,
Shower Arm,Shower Arm,Bathroom,Supports overhead shower,
Spout,Bath Spout,Bathroom,Delivers water to bucket/bathtub,
Geyser,Water Heater (Geyser),Bathroom,Heats water,
Towel Rail,Towel Rail,Bathroom,Holds towels,
Diverter,Wall Diverter,Bathroom,Diverts water between shower and spout,
Twin Coat Hook,Twin Coat Hook,Bathroom,Hangs clothes and towels,
SS Grating 150×150,Stainless Steel Floor Grating 150×150 mm,Bathroom Floor,Covers floor drain and filters debris,
Hand Dryer,Electric Hand Dryer,Public Washroom,Dries hands using air,
Paper Towel Dispenser,Paper Towel Dispenser,Public Washroom,Holds and dispenses paper towels,
Angle Valve for Geyser,Angle Valve,Geyser Water Connection,Controls water supply to geyser,
Bib Cock,Bib Cock,Janitor Room,Water outlet for cleaning,
Braided Hose Pipe 600 mm,Stainless Steel Braided Flexible Hose (600 mm),"Wash Basin, Geyser, WC",Flexible water connection between valve and fixture,
HDPE Pipe,High Density Polyethylene Pipe,Underground Water Supply,Transports water safely,
HDPE Coil,High Density Polyethylene Coil,Domestic Water Supply,Flexible water distribution,
HDPE Electrofusion Coupler,Electrofusion Coupler,HDPE Pipe Joint,Joins HDPE pipes using electric fusion,
HDPE Butt Fusion Joint,Butt Fusion Joint,HDPE Main Pipeline,Permanent leak-proof pipe joint,
HDPE Compression Fitting,Compression Fitting,Small HDPE Pipe,Quick mechanical pipe connection,
HDPE Elbow,HDPE 90°/45° Elbow,Water Supply Line,Changes pipe direction,
HDPE Tee,HDPE Tee,Water Distribution,Takes branch connection,
HDPE Reducer,HDPE Reducer,Different Pipe Sizes,Reduces pipe size,
HDPE End Cap,HDPE End Cap,End of Pipeline,Closes pipe end,
HDPE Flange Adapter,HDPE Flange Adapter,Valve & Pump Connection,Connects HDPE pipe to flange,
HDPE Stub End,HDPE Stub End,Flanged Joint,Used with backing flange,
HDPE Backing Ring,GI/MS Backing Ring,Flange Connection,Supports flange joint,
HDPE Saddle,HDPE Service Saddle,Branch Connection,Takes outlet from main pipe,
HDPE Ball Valve,HDPE Ball Valve,HDPE Water Line,ON/OFF water flow,
HDPE Repair Clamp,HDPE Repair Clamp,Damaged Pipeline,Temporary leak repair,
Air Release Valve,Air Release Valve,Water Supply Pipeline,Releases trapped air from pipeline,
Air Vent,Automatic Air Vent,Hot Water & HVAC Line,Removes trapped air automatically,
Anchor Bolt,Anchor Fastener,Pipe Support Installation,Fixes supports to concrete,
Angle Cock,Angle Cock,"Wash Basin, WC, Geyser",Controls water supply to fixture,
Angle Valve,Angle Valve,"Geyser, Basin, WC",ON/OFF water supply,
Automatic Float Valve,Automatic Float Valve,Water Tank,Maintains tank water level automatically,
Ball Valve,Ball Valve,Water Supply Pipeline,ON/OFF water flow,
Ball Cock,Float Ball Cock,Overhead Water Tank,Controls water level,
Basin Mixer,Basin Mixer Tap,Wash Basin,Mixes hot and cold water,
Bath Spout,Bath Spout,Bathroom,Delivers water to bucket or bathtub,
Bib Cock,Bib Cock,"Garden, Bathroom, Janitor Room",Provides water outlet,
Bottle Trap,Bottle Trap,Under Wash Basin,Prevents sewer gas and collects debris,
Braided Hose Pipe,Stainless Steel Braided Flexible Hose,"Basin, WC, Geyser",Flexible water connection,
Brass Nipple,Brass Pipe Nipple,Threaded Pipe Connection,Connects threaded fittings,
Butterfly Valve,Butterfly Valve,Large Diameter Pipeline,Controls water flow,
Bush,Reducer Bush,Different Size Pipe,Connection between different pipe sizes,
Cap,Pipe End Cap,End of Pipeline,Closes pipe end,
Check Valve,Check Valve (NRV),Pump Discharge Line,Prevents reverse flow,
CI Cover,Cast Iron Cover,"Manhole, Valve Chamber",Covers underground chamber,
Cleanout,Cleanout,Drainage Pipeline,Provides access for pipe cleaning,
Compression Fitting,Compression Pipe Fitting,HDPE Pipe,Joins HDPE pipe mechanically,
Concealed Cistern,Concealed Flush Cistern,Behind WC Wall,Stores flush water,
Coupling,Pipe Coupling,Pipe Joint,Joins two pipes,
CPVC Pipe,Chlorinated Polyvinyl Chloride Pipe,Hot & Cold Water Supply,Transports hot and cold water,
Cross,Cross Fitting,Four-Way Pipe Junction,Connects four pipelines,
Die Set,Pipe Threading Die Set,GI Pipe,Cuts external pipe threads,
DI Pipe,Ductile Iron Pipe,Underground Water Supply,Heavy-duty water transportation,
Drain Cock,Drain Cock,Pump & Water Tank,Drains water from system,
Drain Valve,Drain Valve,Water Supply Line,Drains water for maintenance,
Drum Trap,Drum Trap,Bathtub Drainage,Provides water seal and traps debris,
Elbow 45°,45 Degree Elbow,Pipeline,Changes pipe direction by 45°,
Elbow 90°,90 Degree Elbow,Pipeline,Changes pipe direction by 90°,
End Cap,Pipe End Cap,End of Pipe,Closes pipe end,
Escutcheon Plate,Pipe Cover Plate,"Wash Basin, WC",Covers pipe opening in wall,
Expansion Joint,Rubber/Metal Expansion Joint,Long Pipeline,Absorbs thermal expansion,
Ferrule,Brass Ferrule,Water Distribution,Takes service connection from main line,
Filter,Y Type Strainer,Pump Inlet,Removes dirt and debris,
Fire Hydrant,Fire Hydrant,Fire Fighting System,Provides water for firefighting,
Fire Hose Reel,Fire Hose Reel,Fire Fighting System,Manual firefighting,
Fire Pump,Fire Fighting Pump,Fire Pump Room,Supplies water to fire system,
Float Valve,Float Valve,Water Tank,Automatically controls water level,
Floor Drain,Floor Drain,Bathroom Floor,Collects floor water,
Floor Trap,Floor Trap (FT),Bathroom,Prevents sewer gas,
Flow Meter,Flow Meter,Main Water Line,Measures water flow,
Flush Valve,Flush Valve,"WC, Urinal",Controls flushing water,
Flush Tank,Flush Cistern,Toilet,Stores flushing water,
Foot Valve,Foot Valve,Pump Suction Line,Prevents reverse flow and keeps pump primed,
Gate Valve,Gate Valve,Water Supply Pipeline,ON/OFF water flow,
Geyser,Water Heater,Bathroom,Heats water,
GI Pipe,Galvanized Iron Pipe,Water Supply,Transports water,
GI Elbow,GI Elbow,GI Pipeline,Changes direction,
GI Tee,GI Tee,GI Pipeline,Takes branch connection,
GI Union,GI Union,GI Threaded Pipe,Allows easy pipe disconnection,
GI Socket,GI Socket,GI Pipe,Joins two threaded pipes,
Globe Valve,Globe Valve,Water Line,Regulates water flow,
Grease Trap,Grease Trap,Kitchen Drainage,Separates grease from wastewater,
Gully Trap,Gully Trap (GT),Outside Building,Collects wastewater and blocks sewer gas,
Hammer Arrestor,Water Hammer Arrestor,Water Supply Line,Reduces pressure surge,
Hand Shower,Hand Shower,Bathroom,Handheld shower for bathing,
Health Faucet,Health Faucet (Jet Spray),WC,Personal cleaning after toilet,
HDPE Pipe,High Density Polyethylene Pipe,Underground Water Supply,Transports water safely,
HDPE Elbow,HDPE 90° Elbow,HDPE Pipeline,Changes pipe direction,
HDPE Tee,HDPE Tee,HDPE Water Line,Takes branch connection,
HDPE Coupler,HDPE Coupling,HDPE Pipe,Joins two HDPE pipes,
HDPE Reducer,HDPE Reducer,Different Size HDPE Pipe,Reduces pipe size,
HDPE End Cap,HDPE End Cap,End of HDPE Pipe,Closes pipe end,
HDPE Flange Adapter,HDPE Flange Adapter,Valve & Pump Connection,Connects HDPE pipe to flange,
Hose Bib Cock,Hose Bib Cock,"Garden, Car Wash",Provides hose connection,
Hose Reel,Fire Hose Reel,Fire Fighting System,Manual firefighting,
Inspection Chamber,Inspection Chamber (IC),Drainage System,Inspection and cleaning access,
Kitchen Sink,Kitchen Sink,Kitchen,Washing utensils,
Manhole,Manhole (MH),Sewer Line,Access to underground sewer,
Non Return Valve,NRV (Non Return Valve),Pump Discharge,Prevents reverse flow,
Needle Valve,Needle Valve,Instrumentation Line,Controls low flow accurately,
Nipple,Pipe Nipple,Threaded Pipe Joint,Connects threaded fittings,
OHT,Overhead Water Tank,Building Roof,Stores water,
Oil Trap,Oil Trap,Garage & Workshop,Separates oil from wastewater,
P Trap,P Trap,Wash Basin & WC,Prevents sewer gas,
Pipe Clamp,Pipe Clamp,Wall Mounted Pipe,Supports pipe,
Pipe Hanger,Pipe Hanger,Ceiling Mounted Pipe,Suspends pipeline,
Pipe Sleeve,Pipe Sleeve,Wall & Slab Crossing,Protects pipe through wall/slab,
Pipe Shoe,Pipe Shoe,Industrial Pipeline,Protects pipe at support point,
Pressure Gauge,Pressure Gauge,Pump Room,Measures pipeline pressure,
Pressure Reducing Valve,PRV (Pressure Reducing Valve),Water Supply,Reduces high pressure,
PVC Pipe,Polyvinyl Chloride Pipe,Drainage & Water Supply,Transports water,
PVC Elbow,PVC 90° Elbow,PVC Pipeline,Changes pipe direction,
PVC Tee,PVC Tee,PVC Pipeline,Takes branch connection,
PVC Socket,PVC Coupling Socket,PVC Pipe,Joins two PVC pipes,
PVC Solvent,PVC Solvent Cement,PVC Pipe Joint,Bonds PVC pipes permanently,
Pump,Centrifugal Water Pump,Water Supply System,Pumps water from one place to another,
Rain Water Pipe,Rain Water Pipe (RWP),Roof Drainage,Carries rainwater to drain,
Reducer,Pipe Reducer,Different Size Pipes,Reduces pipe diameter,
Reducer Tee,Reducer Tee,Pipeline Branch,Takes branch with different pipe size,
Rubber Gasket,Rubber Gasket,Flange Joint,Provides leak-proof sealing,
Riser Clamp,Riser Pipe Clamp,Vertical Pipe,Supports riser pipe,
Roller Support,Pipe Roller Support,Long Pipeline,Allows thermal expansion movement,
Saddle Clamp,Pipe Saddle Clamp,Water Distribution,Takes branch from main pipe,
Sanitary Silicone,Sanitary Silicone Sealant,"Wash Basin, WC, Sink",Seals joints and prevents leakage,
S Trap,S Trap,Floor Mounted WC,Prevents sewer gas,
Shower,Overhead Shower,Bathroom,Provides water for bathing,
Shower Arm,Shower Arm,Bathroom,Supports overhead shower,
Shower Mixer,Shower Mixer,Bathroom,Mixes hot and cold water,
Silicone Sealant,Silicone Sealant,Sanitary Fixtures,Seals gaps and joints,
Sink Cock,Sink Cock,Kitchen Sink,Controls water flow,
Soap Dispenser,Liquid Soap Dispenser,Wash Basin,Dispenses liquid soap,
Soil Pipe,Soil Waste Pipe (SWP),WC Drainage,Carries soil waste,
Spout,Bath Spout,Bathroom,Provides water outlet,
Sprinkler,Fire Sprinkler,Fire Fighting System,Automatically extinguishes fire,
Stop Cock,Stop Cock,Main Water Line,Stops water supply,
Submersible Pump,Submersible Water Pump,Borewell & Sump,Pumps underground water,
Tee,Pipe Tee,Pipeline,Takes branch connection,
Thread Sealant,Liquid Thread Sealant,Threaded Pipe Joint,Prevents leakage,
Threaded Rod,Threaded Rod,Ceiling Pipe Support,Holds pipe hangers,
Union,Pipe Union,Threaded Pipe,Allows easy disconnection,
UPVC Pipe,Unplasticized Polyvinyl Chloride Pipe,Water Supply & Drainage,Transports water,
Urinal,Wall Hung Urinal,Public Toilet,Urine disposal,
Valve,Control Valve,Water Supply System,Controls water flow,
Vent Pipe,Vent Pipe (VP),Drainage System,Removes sewer gases,
Waste Coupling,Waste Coupling,Wash Basin & Sink,Connects fixture to waste pipe,
Waste Pipe,Waste Water Pipe (WWP),"Wash Basin, Sink, Shower",Carries wastewater,
Water Meter,Water Meter,Main Water Supply,Measures water consumption,
Water Hammer Arrestor,Water Hammer Arrestor,Water Supply Pipeline,Reduces water hammer pressure,
Y Tee,Wye Tee,Drainage Pipeline,Provides smooth branch connection,
Wye,45° Wye Fitting,Drainage System,Connects branch with less flow resistance,
Cleanout Plug,Cleanout Plug,Drainage Pipeline,Provides access for pipe cleaning,
Valve Box,Valve Box,Underground Valve,Protects underground valve,
Air Release Valve,Air Release Valve,Water Supply Pipeline,Releases trapped air,
Expansion Tank,Expansion Tank,Hot Water System,Absorbs pressure increase due to expansion,
Hydro Pneumatic Tank,Hydro Pneumatic Tank,Water Supply System,Maintains constant water pressure,
Pipe Insulation,Nitrile Rubber / Glass Wool Insulation,Hot & Cold Water Pipe,Reduces heat loss and condensation,
Aluminium Cladding,Aluminium Cladding,Insulated Pipe,Protects insulation from damage,
Unistrut Channel,Unistrut Channel Support,Pipe Support System,Supports multiple pipes,
Clevis Hanger,Clevis Pipe Hanger,Horizontal Ceiling Pipe,Suspends pipe from ceiling,
U Bolt,U Bolt,Pipe Rack,Fixes pipe to support,
Guide Support,Pipe Guide Support,Long Pipeline,Guides pipe movement,
Anchor Support,Pipe Anchor Support,Main Pipeline,Restricts pipe movement,
Spring Hanger,Spring Pipe Hanger,Hot Water Line,Absorbs thermal expansion and vibration,
Flexible Connector,Flexible Connector,Pump Connection,Reduces vibration,
Expansion Bellows,Metal Expansion Bellows,Industrial Pipeline,Compensates thermal expansion,
Pipe Marker,Pipe Identification Marker,Pipeline,Identifies pipe service,
Flow Arrow,Flow Direction Sticker,Pipeline,Shows flow direction,
Warning Tape,Underground Warning Tape,Underground Pipeline,Marks buried pipeline,
Pipe Label,Pipe Label,Building Services,Identifies pipeline,
Sleeve Seal,Mechanical Sleeve Seal,Pipe Passing Through Wall,Prevents water leakage,
Fire Stop Sealant,Fire Stop Sealant,Shaft & Slab Opening,Stops fire and smoke spread,
Rubber Pad,Anti Vibration Rubber Pad,Pump Base,Reduces vibration,
Base Plate,Pump Base Plate,Pump Installation,Supports pump foundation,
Foundation Bolt,Foundation Bolt,Pump & Support,Fixes equipment to foundation,
Drain Plug,Drain Plug,Pump & Tank,Drains water during maintenance,
Test Plug,Test Plug,Pipeline Testing,Temporarily seals pipe during testing,
Double Union Ball Valve,Double Union Ball Valve,UPVC/CPVC Pipeline,Easy valve removal and maintenance,
Knife Gate Valve,Knife Gate Valve,"STP, ETP, Slurry Line",Cuts through slurry and controls flow,
Foot Mounted Pump,Foot Mounted Centrifugal Pump,Pump Room,Pumps water with base-mounted motor,
Vertical Multistage Pump,Vertical Multistage Centrifugal Pump,Hydro Pneumatic System,Provides high pressure water,
Booster Pump,Water Booster Pump,High Rise Building,Increases water pressure,
Transfer Pump,Water Transfer Pump,UGT to OHT,Transfers water between tanks,
Jockey Pump,Jockey Pump,Fire Fighting System,Maintains fire line pressure,
Sump Pump,Sump Dewatering Pump,"Basement, Sump Pit",Removes collected water,
Sewage Pump,Sewage Submersible Pump,"STP, Sewer Pit",Pumps sewage water,
Drainage Pump,Drainage Pump,Drain Pit,Pumps wastewater,
Air Vessel,Air Vessel,Hydro Pneumatic System,Absorbs pressure fluctuations,
Pressure Switch,Pressure Switch,Pump Control Panel,Starts and stops pump automatically,
Float Switch,Float Level Switch,Water Tank,Senses water level,
Level Controller,Water Level Controller,UGT & OHT,Controls tank water level,
Pressure Transmitter,Pressure Transmitter,BMS & Pump Room,Sends pressure signal,
Flow Switch,Flow Switch,Fire Fighting & HVAC,Detects water flow,
Float Sensor,Float Sensor,Tank Monitoring,Measures water level,
Water Level Indicator,Water Level Indicator,Water Tank,Displays tank level,
Pump Control Panel,Pump Control Panel,Pump Room,Controls pump operation,
Motor Starter,DOL / Star Delta Starter,Pump Motor,Starts electric motor,
MCC Panel,Motor Control Center Panel,Pump Room,Controls multiple motors,
VFD Panel,Variable Frequency Drive Panel,Pump System,Controls motor speed,
Pressure Tank,Pressure Vessel,Hydro Pneumatic System,Stores pressurized water,
Expansion Vessel,Expansion Vessel,Hot Water System,Absorbs thermal expansion,
Y Strainer,Y Type Strainer,Pump Suction Line,Filters dirt before pump,
Basket Strainer,Basket Type Strainer,Large Water Line,Removes debris from water,
Air Separator,Air Separator,HVAC & Hot Water,Removes air from system,
Vacuum Breaker,Vacuum Breaker,Water Supply Line,Prevents back siphonage,
Backflow Preventer,Backflow Prevention Device,Drinking Water Line,Prevents contaminated reverse flow,
Sampling Valve,Water Sampling Valve,WTP & STP,Collects water samples for testing,
Pressure Sand Filter,Pressure Sand Filter (PSF),"WTP, STP",Removes suspended particles from water,
Activated Carbon Filter,Activated Carbon Filter (ACF),"WTP, RO Plant","Removes odor, color and chlorine",
Water Softener,Water Softener,"Boiler, Hot Water System",Removes hardness from water,
DM Plant,De-Mineralization Plant,Boiler & Industrial Plant,Removes dissolved minerals,
RO Plant,Reverse Osmosis Plant,Drinking Water System,Purifies water,
RO Membrane,Reverse Osmosis Membrane,RO Plant,Removes dissolved salts and impurities,
UV Sterilizer,Ultraviolet Sterilizer,Drinking Water System,Kills bacteria and viruses,
Ozonator,Ozone Generator,"WTP, Swimming Pool",Disinfects water using ozone,
Chlorinator,Chlorination System,"WTP, Swimming Pool",Adds chlorine for disinfection,
Dosing Pump,Chemical Dosing Pump,"WTP, STP",Adds treatment chemicals,
Chemical Tank,Chemical Storage Tank,"WTP, STP",Stores treatment chemicals,
FRP Vessel,Fiber Reinforced Plastic Vessel,"WTP, Softener",Holds filter media/resin,
Multiport Valve,Multiport Control Valve,Filter System,Controls filtration and backwash,
Cartridge Filter,Cartridge Filter,RO Plant,Removes fine particles,
Micron Filter,Micron Cartridge Filter,RO Plant,Filters microscopic particles,
Resin,Softener Resin,Water Softener,Removes calcium and magnesium,
Silica Sand,Silica Sand Media,Pressure Sand Filter,Filters suspended solids,
Activated Carbon,Activated Carbon Media,Carbon Filter,Removes chlorine and bad smell,
Gravel Media,Support Gravel,Filter Vessel,Supports filter media,
Brine Tank,Brine Solution Tank,Water Softener,Stores salt solution,
Salt Tablet,Water Softener Salt,Softener Plant,Regenerates resin,
UV Lamp,Ultraviolet Lamp,UV Sterilizer,Produces UV rays for disinfection,
TDS Meter,Total Dissolved Solids Meter,RO Plant,Measures water TDS,
pH Meter,pH Meter,"WTP, STP",Measures water pH value,
Conductivity Meter,Conductivity Meter,"WTP, Boiler",Measures electrical conductivity,
ORP Meter,Oxidation Reduction Potential Meter,"WTP, Swimming Pool",Measures oxidation potential,
Flow Indicator,Flow Indicator,WTP Pipeline,Shows water flow,
Sample Tap,Sample Collection Tap,"WTP, STP",Collects water samples,
Drain Funnel,Drain Funnel,Equipment Drain Line,Provides safe drain discharge,
Backwash Valve,Backwash Control Valve,Filter System,Controls filter backwashing,
Fire Hydrant,Fire Hydrant,Building & Outdoor,Provides water for firefighting,
Landing Valve,Landing Valve,Fire Hydrant Riser,Controls hydrant water outlet,
Hose Reel,Fire Hose Reel,Fire Fighting System,Provides first-aid firefighting,
Hose Reel Drum,Hose Reel Drum,Fire Hose Reel,Keeps hose properly wound,
Fire Hose,Canvas Rubber Lined Hose,Fire Fighting,Carries water to fire location,
Branch Pipe,Fire Branch Pipe,End of Fire Hose,Directs water jet,
Fire Nozzle,Fire Hose Nozzle,Fire Hose,End fitting to control water spray,
Breeching Inlet,Fire Brigade Breeching Inlet,Building Exterior,Allows fire brigade to pump water,
Fire Brigade Connection,Fire Brigade Connection,Building Entrance,External connection for fire service,
Sprinkler Head,Automatic Fire Sprinkler,Building Ceiling,Extinguishes fire automatically,
Pendant Sprinkler,Pendant Sprinkler,Ceiling,Downward water discharge,
Upright Sprinkler,Upright Sprinkler,Exposed Piping,Upward installation,
Sidewall Sprinkler,Sidewall Sprinkler,Wall Installation,Sprays water from wall,
Concealed Sprinkler,Concealed Sprinkler,False Ceiling,Hidden automatic sprinkler,
Alarm Valve,Wet Alarm Valve,Wet Riser System,Controls sprinkler water flow,
Deluge Valve,Deluge Valve,Deluge Fire System,Releases water to all sprinklers,
Pre Action Valve,Pre Action Valve,"Server Room, Data Center",Prevents accidental discharge,
OS&Y Valve,Outside Screw and Yoke Valve,Fire Pump Room,Indicates valve open/close position,
Butterfly Valve,Butterfly Valve,Fire Fighting Line,ON/OFF water flow,
Gate Valve,Gate Valve,Fire Water Line,Isolates pipeline,
Check Valve,Non Return Valve (NRV),Fire Pump Line,Prevents reverse flow,
Pressure Relief Valve,Pressure Relief Valve,Fire Pump System,Releases excess pressure,
Pressure Switch,Pressure Switch,Fire Pump Room,Starts pump on pressure drop,
Flow Switch,Flow Switch,Sprinkler System,Detects water flow,
Fire Pump,Main Fire Pump,Fire Pump Room,Supplies water during fire,
Jockey Pump,Jockey Pump,Fire Pump Room,Maintains system pressure,
Diesel Fire Pump,Diesel Engine Fire Pump,Fire Pump Room,Backup fire pump during power failure,
Test Header,Fire Pump Test Header,Fire Pump Room,Tests fire pump performance,
Hydrant Pillar,Outdoor Fire Hydrant,Outdoor Area,Provides firefighting water outside,
Fire Department Connection,Fire Department Connection (FDC),Building Exterior,Allows fire department to boost system pressure,
AHU,Air Handling Unit,HVAC System,Conditions and circulates air,
FCU,Fan Coil Unit,"Hotel, Office, Hospital",Cools or heats room air,
Chilled Water Pipe,Chilled Water Pipe,HVAC System,Carries chilled water,
Chilled Water Return,Chilled Water Return Pipe,HVAC System,Returns chilled water to chiller,
Condenser Water Pipe,Condenser Water Pipe,HVAC Plant,Carries condenser water,
Condenser Water Return,Condenser Water Return Pipe,HVAC Plant,Returns condenser water,
Cooling Tower,Cooling Tower,HVAC Plant,Rejects heat from condenser water,
Chiller,Water Chiller,HVAC Plant,Produces chilled water,
Balancing Valve,Manual Balancing Valve,HVAC Piping,Balances water flow,
PICV,Pressure Independent Control Valve,"AHU, FCU",Maintains constant flow,
Motorized Valve,Motorized Control Valve,HVAC System,Automatically controls water flow,
2 Way Valve,Two Way Control Valve,"AHU, FCU",Starts or stops water flow,
3 Way Valve,Three Way Control Valve,AHU,Diverts or mixes water flow,
Y Strainer,Y Type Strainer,HVAC Piping,Removes dirt from water,
Air Separator,Air Separator,HVAC System,Removes trapped air,
Dirt Separator,Dirt Separator,HVAC System,Removes dirt and sludge,
Expansion Tank,Expansion Tank,Chilled Water System,Absorbs thermal expansion,
Pressurization Unit,Pressurization Unit,HVAC Plant,Maintains system pressure,
Flexible Connector,Rubber Flexible Connector,Pump & AHU,Reduces vibration,
Vibration Isolator,Spring Vibration Isolator,Pump & Equipment,Minimizes vibration,
Thermometer,Dial Thermometer,HVAC Piping,Measures water temperature,
Temperature Gauge,Temperature Gauge,HVAC System,Displays water temperature,
Pressure Gauge,Pressure Gauge,HVAC Plant,Measures pressure,
Pressure Relief Valve,Pressure Relief Valve,HVAC System,Protects system from overpressure,
Automatic Air Vent,Automatic Air Vent,High Point of Pipeline,Releases trapped air,
Drain Valve,Drain Valve,HVAC Piping,Drains water during maintenance,
Butterfly Valve,Butterfly Valve,HVAC Piping,Isolates pipeline,
Gate Valve,Gate Valve,HVAC Piping,ON/OFF flow control,
Non Return Valve,Non Return Valve (NRV),Pump Discharge,Prevents reverse flow,
Pipe Insulation,Nitrile Rubber Insulation,Chilled Water Pipe,Prevents heat gain and condensation,
Pressure Switch,Pressure Switch,Pump Room,Starts and stops pump automatically,
Flow Switch,Flow Switch,Fire Fighting & HVAC,Detects water flow,
Float Switch,Float Level Switch,"UGT, OHT",Controls water level,
Float Sensor,Float Sensor,Water Tank,Senses water level,
Level Transmitter,Level Transmitter,Water Tank,Sends continuous level signal,
Level Indicator,Water Level Indicator,Water Tank,Displays water level,
Pressure Transmitter,Pressure Transmitter,Pump Room,Sends pressure signal to PLC/BMS,
Temperature Sensor,Temperature Sensor,HVAC,Measures water temperature,
Temperature Transmitter,Temperature Transmitter,HVAC,Sends temperature signal,
Flow Meter,Electromagnetic Flow Meter,Main Water Line,Measures water flow,
Ultrasonic Flow Meter,Ultrasonic Flow Meter,Large Water Line,Measures flow without pipe cutting,
Water Meter,Digital Water Meter,Building Inlet,Measures water consumption,
Energy Meter,Digital Energy Meter,Electrical Panel,Measures power consumption,
Volt Meter,Volt Meter,Electrical Panel,Measures voltage,
Ampere Meter,Ammeter,Electrical Panel,Measures current,
Frequency Meter,Frequency Meter,Control Panel,Measures supply frequency,
Power Factor Meter,Power Factor Meter,MCC Panel,Measures power factor,
Control Panel,Electrical Control Panel,Pump Room,Controls equipment,
Pump Control Panel,Pump Control Panel,Pump Room,Operates pumps automatically,
MCC Panel,Motor Control Center,Pump Room,Controls multiple motors,
VFD,Variable Frequency Drive,Booster Pump,Controls motor speed,
PLC,Programmable Logic Controller,BMS & Automation,Controls automatic operation,
BMS,Building Management System,Commercial Building,Monitors all building services,
Relay,Electrical Relay,Control Panel,Switches electrical circuit,
Contactor,Magnetic Contactor,Motor Control,Starts and stops motors,
MCB,Miniature Circuit Breaker,DB Panel,Protects electrical circuit,
MCCB,Moulded Case Circuit Breaker,Main Panel,Protects high current circuit,
ELCB,Earth Leakage Circuit Breaker,Electrical Panel,Protects against leakage current,
Isolator,Electrical Isolator,Control Panel,Isolates electrical supply,
Terminal Block,Terminal Block,Control Panel,Connects electrical wires,
Cable Tray,GI Cable Tray,Service Area,Supports electrical cables,
Cable Gland,Brass Cable Gland,Control Panel,Secures cable entry,
Cable Lug,Copper Cable Lug,Electrical Connection,Connects cable to terminal,
Flexible Conduit,PVC Flexible Conduit,Electrical Wiring,Protects electrical wires,
GI Conduit,Galvanized Iron Conduit,Electrical System,Protects wiring,
PVC Conduit,PVC Conduit,Electrical Wiring,Carries electrical cables,
Junction Box,Junction Box,Electrical Wiring,Provides cable connection point,
Pull Box,Pull Box,Conduit System,Eases cable pulling,
Panel Board,Distribution Panel,Electrical Room,Distributes power,
Distribution Board,Distribution Board (DB),Building Floor,Distributes electrical circuits,
Earthing Pit,Earthing Pit,Building Exterior,Provides grounding,
Earth Electrode,Copper Earth Electrode,Earthing System,Dissipates fault current,
Copper Strip,Copper Earthing Strip,Earthing System,Connects earthing system,
GI Strip,Galvanized Iron Strip,Earthing System,Earth conductor,
Lightning Arrester,Lightning Protection System,Building Roof,Protects building from lightning,
Smoke Detector,Smoke Detector,Fire Alarm System,Detects smoke,
Heat Detector,Heat Detector,Fire Alarm System,Detects high temperature,
Manual Call Point,Manual Call Point (MCP),Fire Alarm System,Manual fire alarm activation,
Hooter,Fire Alarm Hooter,Fire Alarm System,Provides audible alarm,
Fire Alarm Panel,Fire Alarm Control Panel,Control Room,Monitors fire alarm devices,
Response Indicator,Response Indicator,Outside Room,Indicates detector location,
Emergency Light,Emergency Light,Building Corridor,Provides light during power failure,
Exit Sign,Exit Sign Board,Escape Route,Shows emergency exit direction,
Battery Charger,Battery Charger,Fire Alarm Panel,Charges backup battery,
SMPS,Switched Mode Power Supply,Control Panel,Provides DC power supply,
UPS,Uninterruptible Power Supply,Server Room,Provides backup power,
Inverter,Inverter,Residential Building,Converts DC to AC,
Battery Bank,Battery Bank,UPS Room,Stores backup power,
Timer Relay,Timer Relay,Control Panel,Provides time delay operation,
Selector Switch,Selector Switch,Control Panel,Selects operating mode,
Anchor Bolt,Anchor Bolt,Pipe Support,Fixes support to concrete,
Chemical Anchor,Chemical Anchor,Pipe Support,Provides high-strength anchoring,
Expansion Bolt,Expansion Anchor Bolt,Concrete Wall,Fixes heavy supports,
Foundation Bolt,Foundation Bolt,Pump Foundation,Secures equipment to foundation,
Threaded Rod,GI Threaded Rod,Ceiling Support,Suspends pipe supports,
Hex Bolt,Hexagonal Bolt,Support Fabrication,Fastens components,
Hex Nut,Hexagonal Nut,Bolt Connection,Tightens bolted joints,
Spring Washer,Spring Washer,Bolt Connection,Prevents nut loosening,
Flat Washer,Flat Washer,Bolt Connection,Distributes bolt load,
U Bolt,U Bolt,Pipe Rack,Secures pipe to support,
Pipe Clamp,Pipe Clamp,Wall Mounted Pipe,Holds pipe firmly,
Rubber Lined Clamp,Rubber Lined Clamp,HVAC Pipe,Reduces vibration and noise,
Split Clamp,Split Pipe Clamp,Pipe Support,Secures pipe easily,
Riser Clamp,Riser Clamp,Vertical Pipe,Supports riser pipe,
Clevis Hanger,Clevis Pipe Hanger,Ceiling Pipe,Suspends horizontal pipe,
Pipe Hanger,Pipe Hanger,Ceiling Mounted Pipe,Supports pipeline,
Spring Hanger,Spring Pipe Hanger,Hot Water Line,Absorbs expansion,
Guide Support,Pipe Guide Support,Long Pipeline,Guides pipe movement,
Anchor Support,Pipe Anchor Support,Main Pipeline,Restricts pipe movement,
Roller Support,Pipe Roller Support,Long Pipeline,Allows thermal movement,
Pipe Shoe,Pipe Shoe,Steel Pipeline,Protects pipe at support point,
Cantilever Bracket,Cantilever Bracket,Wall Mounted Pipe,Supports pipe away from wall,
L Bracket,L Shape Bracket,Pipe Support,Supports small pipelines,
Channel Support,Unistrut Channel,Pipe Rack,Supports multiple pipes,
Base Plate,MS Base Plate,Pump Installation,Supports equipment,
Rubber Pad,Anti Vibration Pad,Pump Base,Reduces vibration,
Pipe Sleeve,PVC/MS Sleeve,Wall & Slab,Protects passing pipe,
Sleeve Seal,Mechanical Sleeve Seal,Wall Penetration,Prevents leakage,
Escutcheon Plate,Escutcheon Plate,Wash Basin Pipe,Covers wall opening,
Fire Stop Sealant,Fire Stop Sealant,Shaft Opening,Stops fire and smoke spread,
PTFE Tape,Polytetrafluoroethylene Tape,Threaded Pipe Joint,Prevents leakage,
PVC Solvent,PVC Solvent Cement,PVC Pipe Joint,Bonds PVC pipes,
UPVC Solvent,UPVC Solvent Cement,UPVC Pipe Joint,Bonds UPVC pipes,
CPVC Solvent,CPVC Solvent Cement,CPVC Pipe Joint,Bonds CPVC pipes,
PVC Primer,PVC Primer,PVC Pipe,Cleans and softens pipe surface,
Pipe Joint Compound,Pipe Joint Compound,Threaded Pipe Joint,Seals threaded joints,
Thread Sealant,Liquid Thread Sealant,Threaded Pipe Joint,Prevents leakage,
Silicone Sealant,Silicone Sealant,Sanitary Fixture,Seals joints,
Sanitary Silicone,Anti-Fungal Silicone,Bathroom,Prevents fungus and leakage,
PU Sealant,Polyurethane Sealant,Expansion Joint,Seals movement joints,
Epoxy Adhesive,Two Part Epoxy,Pipe Repair,Bonds damaged parts,
Epoxy Putty,Epoxy Repair Putty,Pipe Repair,Repairs small leaks,
Pipe Repair Clamp,Pipe Repair Clamp,Leaking Pipe,Temporary repair,
Rubber Repair Tape,Self Fusing Tape,Emergency Repair,Temporary leak sealing,
Gland Packing,Gland Packing,Pump & Valve,Prevents shaft leakage,
Graphite Packing,Graphite Packing,Steam Valve,High-temperature sealing,
O Ring,Rubber O Ring,Valve & Pump,Provides leak-proof sealing,
Rubber Gasket,Rubber Gasket,Flange Joint,Seals flange connection,
CAF Gasket,Compressed Asbestos Free Gasket,Flange Joint,Provides pressure sealing,
Spiral Wound Gasket,Spiral Wound Gasket,Industrial Pipeline,High-pressure flange sealing,
Neoprene Gasket,Neoprene Rubber Gasket,Water Line,Provides flexible sealing,
Nitrile Gasket,NBR Gasket,Oil Line,Resists oil leakage,
Flange Guard,Flange Safety Guard,Industrial Pipe,Protects from leakage spray,
Insulation Tape,PVC Insulation Tape,Electrical Work,Insulates electrical joints,
Heat Shrink Sleeve,Heat Shrink Tube,Cable Joint,Protects cable connection,
Cable Tie,Nylon Cable Tie,Cable Management,Bundles cables,
Pipe Marker,Pipe Marker,Pipeline,Identifies pipe service,
Flow Arrow,Flow Direction Sticker,Pipeline,Shows flow direction,
Warning Tape,Underground Warning Tape,Buried Pipeline,Marks underground pipeline,
Identification Label,Pipe Identification Label,Pipeline,Displays pipe name and service,
Pipe Wrench,Pipe Wrench,GI Pipe Installation,Tightens and loosens threaded pipes,
Adjustable Wrench,Adjustable Spanner,General Plumbing,Tightens different size nuts,
Combination Spanner,Combination Spanner,Pump & Valve Installation,Tightens bolts and nuts,
Ring Spanner,Ring Spanner,Mechanical Work,Tightens hex bolts,
Open End Spanner,Open End Spanner,General Work,Tightens open bolts,
Socket Wrench,Socket Wrench,Equipment Installation,Tightens socket bolts,
Allen Key,Hex Key,Water Mixer & Pump,Opens hex socket screws,
Screw Driver,Flat & Phillips Screwdriver,General Work,Tightens and loosens screws,
Hammer,Ball Peen Hammer,General Plumbing,Hits and fixes components,
Rubber Mallet,Rubber Hammer,PVC & Tile Work,Prevents surface damage,
Pipe Cutter,Pipe Cutter,"CPVC, Copper Pipe",Cuts pipe cleanly,
PVC Pipe Cutter,PVC Pipe Cutter,PVC & CPVC Pipe,Cuts plastic pipe,
Hacksaw,Hacksaw Frame,GI & PVC Pipe,Cuts pipe manually,
Angle Grinder,Angle Grinder,Steel Pipe,Cuts and grinds metal,
Bench Grinder,Bench Grinder,Workshop,Sharpens tools,
Pipe Threading Machine,Electric Threading Machine,GI Pipe,Cuts external threads,
Ratchet Die Set,Ratchet Pipe Die Set,GI Pipe,Threads small pipes,
Reamer,Pipe Reamer,Pipe End,Removes burrs after cutting,
Deburring Tool,Deburring Tool,Plastic & Metal Pipe,Smoothens cut edges,
Measuring Tape,Measuring Tape,Site Measurement,Measures distance,
Spirit Level,Spirit Level,Pipe Installation,Checks level and alignment,
Plumb Bob,Plumb Bob,Vertical Pipe,Checks vertical alignment,
Laser Level,Laser Level,MEP Installation,Provides accurate level line,
Chalk Line,Chalk Line,Site Layout,Marks straight reference line,
Center Punch,Center Punch,Metal Work,Marks drilling point,
Electric Drill,Rotary Drill Machine,Wall & Slab,Drills holes,
Hammer Drill,Rotary Hammer Drill,Concrete,Drills concrete,
Core Cutting Machine,Core Drill Machine,Wall & Slab,Creates large pipe openings,
Hole Saw,Hole Saw Cutter,PVC & GI Pipe,Cuts circular holes,
Tool Box,Tool Box,Site Work,Stores plumbing tools,
Pressure Gauge,Bourdon Pressure Gauge,Pump Room,Measures water pressure,
Digital Pressure Gauge,Digital Pressure Gauge,Hydro Test,Provides accurate pressure reading,
Compound Gauge,Compound Pressure Gauge,Pump Suction,Measures pressure and vacuum,
Vacuum Gauge,Vacuum Gauge,Pump Suction,Measures vacuum pressure,
Hydro Test Pump,Hydrostatic Test Pump,Pipeline Testing,Performs pressure test,
Air Compressor,Air Compressor,Air Pressure Test,Supplies compressed air,
Flow Meter,Electromagnetic Flow Meter,Main Water Line,Measures water flow,
Ultrasonic Flow Meter,Ultrasonic Flow Meter,Large Pipeline,Measures flow without cutting pipe,
Water Meter,Digital Water Meter,Building Inlet,Measures water consumption,
Thermometer,Digital Thermometer,Hot Water Line,Measures temperature,
Infrared Thermometer,IR Thermometer,Equipment,Non-contact temperature measurement,
Temperature Gauge,Temperature Gauge,HVAC,Measures water temperature,
TDS Meter,Total Dissolved Solids Meter,RO Plant,Measures water purity,
pH Meter,pH Meter,WTP & STP,Measures pH value,
Conductivity Meter,Conductivity Meter,WTP,Measures electrical conductivity,
ORP Meter,Oxidation Reduction Potential Meter,WTP,Measures oxidation level,
Clamp Meter,Clamp Meter,Electrical Panel,Measures current,
Digital Multimeter,Digital Multimeter,Electrical Testing,"Measures voltage, current and resistance",
Insulation Tester,Megger,Electrical Cable,Tests insulation resistance,
Earth Tester,Earth Resistance Tester,Earthing System,Measures earth resistance,
Sound Level Meter,Decibel Meter,Pump Room,Measures noise level,
Vibration Meter,Vibration Meter,Pump & Motor,Measures vibration,
Laser Distance Meter,Laser Distance Meter,Site Measurement,Measures distance accurately,
Vernier Caliper,Vernier Caliper,Workshop,Measures internal and external dimensions,
Micrometer Screw Gauge,Micrometer,Workshop,Measures very small thickness,
Stop Watch,Digital Stopwatch,Pump Testing,Measures testing time,
Tachometer,Digital Tachometer,Pump & Motor,Measures RPM,
Data Logger,Data Logger,Commissioning,Records testing data,
Leak Detector,Leak Detection Device,Pipeline,Detects leakage,
Inspection Camera,CCTV Inspection Camera,Drainage Pipe,Inspects inside pipeline,
Wall Hung WC,Wall Hung Water Closet,Bathroom,Toilet fixture fixed on wall,
Floor Mounted WC,Floor Mounted Water Closet,Bathroom,Toilet fixture fixed on floor,
One Piece WC,One Piece Water Closet,Residential Bathroom,Compact toilet unit,
Two Piece WC,Two Piece Water Closet,Residential Bathroom,Separate cistern and pan,
Squatting Pan,Indian Water Closet,Toilet,Indian style toilet,
Wash Basin,Ceramic Wash Basin,Bathroom,Hand washing,
Counter Basin,Counter Top Wash Basin,Vanity Area,Hand washing,
Under Counter Basin,Under Counter Wash Basin,Vanity,Installed below counter,
Pedestal Basin,Pedestal Wash Basin,Bathroom,Basin with pedestal support,
Corner Basin,Corner Wash Basin,Small Toilet,Saves space,
Kitchen Sink,Stainless Steel Kitchen Sink,Kitchen,Washing utensils,
Double Bowl Sink,Double Bowl Kitchen Sink,Kitchen,Two washing compartments,
Urinal,Wall Hung Urinal,Public Toilet,Urine disposal,
Sensor Faucet,Automatic Sensor Tap,Public Washroom,Touch-free operation,
Pillar Cock,Pillar Tap,Wash Basin,Water outlet,
Bib Cock,Bib Cock,Bathroom & Garden,Water outlet,
Angle Cock,Angle Cock,Basin & WC,ON/OFF water supply,
Stop Cock,Stop Valve,Main Line,Isolates water supply,
Health Faucet,Jet Spray,WC,Personal cleaning,
Soap Dispenser,Liquid Soap Dispenser,Wash Basin,Dispenses liquid soap,
Paper Holder,Toilet Paper Holder,WC,Holds toilet paper,
Hand Dryer,Electric Hand Dryer,Public Washroom,Dries hands,
Mirror,Bathroom Mirror,Wash Basin,User grooming,
Towel Ring,Towel Ring,Bathroom,Holds hand towel,
Towel Rail,Towel Rail,Bathroom,Holds bath towel,
Robe Hook,Coat Hook,Bathroom,Hangs clothes,
Glass Shelf,Glass Shelf,Bathroom,Holds toiletries,
Shower Curtain,Shower Curtain,Bathroom,Separates shower area,
Shower Panel,Shower Panel,Bathroom,Multi-function shower system,
Grab Bar,Grab Bar,Hospital & Accessible Toilet,Provides support and safety,
Floor Trap,Floor Trap,Bathroom,Collects floor water,
Nahani Trap,Nahani Trap,Bathroom,Drains bath water,
Bottle Trap,Bottle Trap,Wash Basin,Blocks sewer gas,
P Trap,P Trap,Basin & WC,Water seal,
S Trap,S Trap,Floor Mounted WC,Water seal,
Gully Trap,Gully Trap,Outside Building,Collects wastewater,
Intercepting Trap,Intercepting Trap,Sewer Line,Stops sewer gases,
Grease Trap,Grease Trap,Kitchen,Separates grease,
Oil Trap,Oil Separator,Garage,Separates oil,
Lint Trap,Lint Trap,Laundry,Collects lint,
Sand Trap,Sand Trap,Car Wash,Collects sand,
Cleanout,Cleanout,Drainage Pipe,Access for cleaning,
Cleanout Plug,Cleanout Plug,Drainage Pipe,Seals cleanout,
Inspection Chamber,Inspection Chamber,Drainage Line,Inspection access,
Manhole,Manhole,Sewer System,Underground access,
CI Manhole Cover,Cast Iron Manhole Cover,Manhole,Covers manhole,
RCC Manhole,Reinforced Cement Concrete Manhole,Sewer Line,Inspection chamber,
Vent Pipe,Vent Pipe,Drainage,Removes sewer gases,
Soil Pipe,Soil Waste Pipe,Toilet,Carries soil waste,
Waste Pipe,Waste Water Pipe,Basin & Sink,Carries wastewater,
Rain Water Pipe,Rain Water Pipe,Roof,Carries rainwater,
Roof Drain,Roof Drain,Roof,Collects rainwater,
SS Grating,Stainless Steel Grating,Floor Drain,Covers drain opening,
CI Grating,Cast Iron Grating,Drain Channel,Covers drain,
Drain Channel,Drainage Channel,Basement,Collects surface water,
Channel Grating,Drain Channel Grating,Driveway,Covers drain channel,
Backwater Valve,Backwater Valve,Sewer Line,Prevents sewer backflow,
Sewer Cleanout,Sewer Cleanout,Sewer Line,Provides cleaning access,
Trap Primer,Trap Primer,Floor Trap,Maintains water seal,
Inspection Cover,Inspection Cover,Drainage System,Covers inspection opening,
Raw Water Pump,Raw Water Transfer Pump,WTP,Pumps raw water,
Feed Pump,Chemical Feed Pump,WTP & STP,Feeds chemicals,
Transfer Pump,Water Transfer Pump,WTP,Transfers water,
Sludge Pump,Sludge Transfer Pump,STP,Pumps sludge,
Filter Feed Pump,Filter Feed Pump,WTP,Supplies water to filters,
Dosing Tank,Chemical Dosing Tank,STP & WTP,Stores chemicals,
Agitator,Chemical Agitator,Chemical Tank,Mixes chemicals,
Tube Settler,Tube Settler,WTP,Improves sedimentation,
Clarifier,Clarifier,STP & WTP,Separates suspended solids,
Aeration Tank,Aeration Tank,STP,Provides biological treatment,
Air Blower,Roots Blower,STP,Supplies air for aeration,
Diffuser,Fine Bubble Diffuser,Aeration Tank,Distributes air bubbles,
MBBR Media,Moving Bed Biofilm Reactor Media,STP,Supports bacterial growth,
Filter Press,Sludge Filter Press,STP,Removes water from sludge,
Sludge Drying Bed,Sludge Drying Bed,STP,Dries sludge,
Chlorine Dosing Pump,Chlorine Dosing Pump,WTP,Disinfects water,
UV Reactor,UV Disinfection Reactor,RO & WTP,Kills microorganisms,
Sampling Point,Water Sampling Point,WTP & STP,Collects water samples,
Online pH Meter,Online pH Analyzer,STP,Continuous pH monitoring,
Online TDS Meter,Online TDS Meter,RO Plant,Continuous TDS monitoring,
DO Meter,Dissolved Oxygen Meter,STP,Measures dissolved oxygen,
Turbidity Meter,Turbidity Meter,WTP,Measures water turbidity,
Magnetic Flow Meter,Electromagnetic Flow Meter,WTP,Measures water flow,
Pressure Relief Valve,Pressure Relief Valve,Pump Line,Protects from overpressure,
Commissioning Valve,Commissioning Valve,WTP & STP,Used during testing and startup,
Sampling Valve,Sampling Valve,WTP,Takes water samples,
Drain Valve,Drain Valve,STP & WTP,Drains water during maintenance,
Vent Valve,Vent Valve,Tank & Pipeline,Releases trapped air,
Control Panel,STP Control Panel,STP,Controls plant operation,
PLC Panel,PLC Control Panel,STP & WTP,Automates treatment process,
Fire Alarm Bell,Fire Alarm Bell,Fire Alarm System,Provides audible alarm,
Fire Alarm Hooter,Fire Alarm Hooter,Fire Alarm System,Warns occupants during fire,
Fire Alarm Panel,Fire Alarm Control Panel,Control Room,Monitors fire alarm devices,
Smoke Detector,Smoke Detector,Ceiling,Detects smoke,
Heat Detector,Heat Detector,"Kitchen, Plant Room",Detects high temperature,
Beam Detector,Beam Smoke Detector,Warehouse,Achieves long-distance smoke detection,
Manual Call Point,Manual Call Point (MCP),Exit Door,Manual fire alarm activation,
Response Indicator,Remote Response Indicator,Outside Room,Shows detector status,
Fire Extinguisher,Portable Fire Extinguisher,Building,Controls small fires,
ABC Extinguisher,ABC Dry Powder Extinguisher,General Area,"Extinguishes Class A, B & C fires",
CO2 Extinguisher,Carbon Dioxide Extinguisher,Electrical Room,Extinguishes electrical fires,
Foam Extinguisher,Foam Fire Extinguisher,Fuel Storage,Controls liquid fires,
Water Mist Extinguisher,Water Mist Extinguisher,Server Room,Extinguishes fire safely,
Fire Bucket,Fire Sand Bucket,Fire Point,Stores sand for emergency,
Fire Axe,Fire Axe,Fire Point,Breaks doors/windows,
Fire Blanket,Fire Blanket,Kitchen,Smothers small fires,
Fire Hose Cabinet,Fire Hose Cabinet,Fire Hydrant,Point,
Landing Valve Box,Landing Valve Cabinet,Fire Shaft,Protects landing valve,
Pressure Gauge,Fire Pressure Gauge,Fire Pump Line,Measures fire line pressure,
Test Valve,Fire Test Valve,Sprinkler System,Tests sprinkler operation,
Flow Switch,Fire Flow Switch,Sprinkler Line,Detects water flow,
Tamper Switch,Tamper Switch,Fire Valve,Detects unauthorized valve movement,
Zone Control Valve,Zone Control Valve,Sprinkler Zone,Isolates sprinkler zone,
Pressure Relief Valve,Pressure Relief Valve,Fire Pump,Protects against overpressure,
Air Release Valve,Air Release Valve,Fire Pipeline,Removes trapped air,
Fire Signage,Fire Safety Sign,Building,Guides emergency response,
Exit Sign,Exit Sign,Building,Shows escape route,
Emergency Light,Emergency Light,Corridor,Provides lighting during power failure,
Hydrant Box,Fire Hydrant Cabinet,Building,Houses hydrant accessories,
Fire Door,Fire Rated Door,Fire Escape,Prevents fire spread,
Centrifugal Pump,Centrifugal Water Pump,Pump Room,Pumps water,
Horizontal Split Case Pump,Horizontal Split Case Pump,Fire Pump Room,High-capacity water pumping,
Vertical Inline Pump,Vertical Inline Pump,HVAC System,Circulates chilled water,
Multistage Pump,Vertical Multistage Pump,Hydro Pneumatic System,Provides high pressure,
Booster Pump,Booster Pump,Water Supply,Increases water pressure,
Transfer Pump,Transfer Pump,UGT to OHT,Transfers water,
Submersible Pump,Submersible Pump,Sump Pit,Pumps underground water,
Drainage Pump,Drainage Pump,Basement,Removes wastewater,
Sewage Pump,Sewage Pump,STP,Pumps sewage,
Pump Base Frame,MS Pump Base,Pump Room,Supports pump,
Flexible Joint,Rubber Expansion Joint,Pump Connection,Reduces vibration,
Anti Vibration Pad,Rubber Pad,Pump Base,Absorbs vibration,
Pressure Tank,Hydro Pneumatic Tank,Pump Room,Maintains pressure,
Air Vessel,Air Vessel,Pump System,Absorbs pressure surge,
Foot Valve,Foot Valve,Suction Line,Prevents reverse flow,
Y Strainer,Y Type Strainer,Pump Suction,Filters debris,
Pressure Gauge,Pressure Gauge,Pump Discharge,Measures pressure,
Vacuum Gauge,Vacuum Gauge,Pump Suction,Measures suction vacuum,
Pressure Switch,Pressure Switch,Pump Panel,Automatic pump control,
Float Switch,Float Switch,Water Tank,Automatic level control,
Pump Control Panel,Pump Control Panel,Pump Room,Controls pumps,
MCC Panel,Motor Control Center,Pump Room,Controls motors,
VFD,Variable Frequency Drive,Booster Pump,Controls motor speed,
Coupling,Flexible Coupling,Pump & Motor,Connects motor and pump,
Mechanical Seal,Mechanical Seal,Pump Shaft,Prevents leakage,
Bearing,Pump Bearing,Pump,Supports rotating shaft,
Impeller,Pump Impeller,Pump,Creates water flow,
Pump Casing,Pump Casing,Pump,Houses internal components,
Suction Diffuser,Suction Diffuser,Pump Inlet,Improves suction flow,
Drain Plug,Drain Plug,Pump,Drains water during maintenance,
Gate Valve,Gate Valve,Water Supply,Complete ON/OFF flow,
Globe Valve,Globe Valve,Water Line,Flow regulation,
Ball Valve,Ball Valve,Water Supply,Quick ON/OFF,
Butterfly Valve,Butterfly Valve,Large Diameter Pipe,ON/OFF control,
Check Valve,Non Return Valve (NRV),Pump Line,Prevents reverse flow,
Foot Valve,Foot Valve,Pump Suction,Retains pump prime,
Needle Valve,Needle Valve,Instrumentation,Precise flow control,
Pressure Reducing Valve,PRV,Water Supply,Reduces pressure,
Pressure Relief Valve,Pressure Relief Valve,Pump System,Releases excess pressure,
Safety Valve,Safety Valve,Boiler,Protects from overpressure,
Air Release Valve,ARV,Water Main,Releases trapped air,
Scour Valve,Scour Valve,Lowest Pipeline Point,Drains pipeline,
Float Valve,Float Valve,Water Tank,Controls water level,
Solenoid Valve,Solenoid Valve,Automation,Automatic ON/OFF by electrical signal,
Motorized Valve,Motorized Valve,HVAC,BMS controlled valve,
Control Valve,Control Valve,Process Line,Controls flow automatically,
Balancing Valve,Balancing Valve,HVAC,Balances water flow,
PICV,Pressure Independent Control Valve,HVAC,Maintains constant flow,
Angle Valve,Angle Valve,Basin & Geyser,Fixture water control,
Flush Valve,Flush Valve,Urinal & WC,Flush control,
Diaphragm Valve,Diaphragm Valve,Chemical Line,Controls corrosive fluid,
Knife Gate Valve,Knife Gate Valve,STP,Slurry flow control,
Plug Valve,Plug Valve,Industrial Line,ON/OFF flow,
Pinch Valve,Pinch Valve,Slurry Line,Controls abrasive fluids,
Wafer Valve,Wafer Butterfly Valve,Water Pipeline,Compact butterfly valve,
Double Regulating Valve,Double Regulating Valve,HVAC,Flow balancing,
Zone Valve,Zone Control Valve,HVAC,Controls water by zone,
Mixing Valve,Thermostatic Mixing Valve,Hot Water,Mixes hot and cold water,
Diverter Valve,Diverter Valve,Bathroom,Diverts water between outlets,
Commissioning Valve,Commissioning Valve,HVAC & Plumbing,"Testing, balancing and commissioning",
Barbed Insert,Barbed Hose Insert,Hose Pipe,Connection between hose and fitting,
Flare Fitting,Flare Tube Fitting,Copper Tube,Leak-proof tube connection,
Compression Union,Compression Union,Water & Gas Line,Joins two pipes without welding,
Compression Tee,Compression Tee,Water Supply,Takes branch connection,
Quick Release Coupling,Quick Release Coupling,Air & Water Hose,Quick connect/disconnect,
90° Elbow,90 Degree Elbow,Pipeline,Changes pipe direction by 90°,
Bell Reducer,Bell Reducer,Different Size Pipe,Reduces pipe size,
Cross Connector,Four Way Cross,Pipeline,Connects four pipes,
Hex Nipple,Hexagonal Nipple,Threaded Pipe,Joins two female threaded fittings,
Cap Plug,Male Cap Plug,Pipe End,Closes pipe opening,
Reducer,Male/Female Reducer,Threaded Pipe,Connects different pipe sizes,
Socket,Coupling Socket,Same Size Pipe,Joins two straight pipes,
Union,Pipe Union,Threaded Pipe,Easy pipe disconnection,
Male Adapter,Male Thread Adapter,PVC/CPVC Pipe,Connects pipe to female thread,
Female Adapter,Female Thread Adapter,PVC/CPVC Pipe,Connects pipe to male thread,
Reducer Bush,Reducer Bush,Threaded Fittings,Reduces threaded connection size,
Street Elbow,Street Elbow,Corner Connection,One male and one female end elbow,
45° Elbow,45 Degree Elbow,Pipeline,Changes direction by 45°,
Equal Tee,Equal Tee,Pipeline,Takes equal-size branch,
Reducing Tee,Reducing Tee,Pipeline,Takes smaller-size branch,
Cross Tee,Four Way Tee,Pipeline,Provides four-way connection,
Y Tee,Wye Tee,Drainage System,Smooth branch connection,
Lateral Tee,Lateral Tee,Drainage,Side branch at an angle,
End Cap,End Cap,Pipe End,Seals the end of pipe,
Plug,Threaded Plug,Threaded Fitting,Closes threaded opening,
Hose Connector,Hose Connector,Garden Hose,Joins hose pipe,
Bulkhead Fitting,Bulkhead Connector,Water Tank,Creates leak-proof tank connection,
Swivel Adapter,Swivel Adapter,Flexible Hose,Allows free rotation,
Compression Elbow,Compression Elbow,Copper/PEX Pipe,90° compression connection,
Compression Reducer,Compression Reducer,Compression Pipe,Reduces pipe size,
Disc,Valve Disc,Inside Valve,Opens and closes the flow of water,
Valve Disc,Valve Disc Assembly,"Gate, Globe, Check Valve",Seals the valve seat to stop flow,
Disc Filter,Disc Water Filter,Irrigation & Water Treatment,Removes dirt and suspended particles,
Cutting Disc,Metal Cutting Disc,Pipe Fabrication,"Cuts GI, MS and SS pipes",
Grinding Disc,Grinding Disc,Fabrication,Smoothens pipe edges and welds,
Flap Disc,Flap Grinding Disc,Metal Finishing,Grinding and polishing metal surfaces,
Diamond Cutting Disc,Diamond Blade Disc,Concrete & Tile,"Cuts concrete, tiles and stone",
Pipe Wrench,Pipe Wrench,GI & Steel Pipe,Tightens and loosens threaded pipes,
Adjustable Wrench,Adjustable Wrench,General Plumbing,Adjusts to different nut sizes,
Open End Wrench,Open End Wrench,Nuts & Bolts,Tightens and loosens open-side nuts,
Ring Wrench,Ring Spanner,Mechanical Work,Provides firm grip on nuts,
Combination Wrench,Combination Wrench,General Maintenance,One open end and one ring end,
Socket Wrench,Socket Wrench,Machine & Pump,Removes and tightens bolts,
Torque Wrench,Torque Wrench,Pump & Flange,Tightens bolts to specified torque,
Allen Wrench,Allen Key (Hex Key),"Mixer, Pump, Valve",Tightens hex socket screws,
Basin Wrench,Basin Wrench,Wash Basin,Fits nuts in hard-to-reach places,
Strap Wrench,Strap Wrench,PVC & Chrome Pipe,Tightens without scratching,
Chain Wrench,Chain Pipe Wrench,Large Pipe,Holds and turns large pipes,
Stillson Wrench,Stillson Pipe Wrench,Steel Pipe,Heavy-duty pipe tightening,
Monkey Wrench,Monkey Wrench,General Mechanical Work,Adjustable jaw for nuts and bolts,
Flare Nut Wrench,Flare Nut Wrench,Copper Pipe,Tightens flare fittings without damage,
Crowfoot Wrench,Crowfoot Wrench,Confined Space,Reaches inaccessible nuts,
Hook Spanner,Hook Spanner,Round Lock Nut,Tightens circular lock nuts,
Pin Spanner,Pin Spanner,Hydraulic Equipment,Tightens slotted round nuts,
Offset Ring Wrench,Offset Ring Spanner,Confined Areas,Accesses recessed bolts,
Ratcheting Wrench,Ratcheting Combination Wrench,Maintenance,Fast tightening without removing wrench,
Box Wrench,Box Spanner,Deep Nuts,Reaches recessed fasteners,
T Wrench,T Handle Wrench,Workshop,Provides extra torque,
Cross Wrench,Four Way Lug Wrench,Vehicle Maintenance,Tightens wheel nuts,
Slugging Wrench,Slugging Spanner,Heavy Industry,Used with hammer for large nuts,
Hydraulic Torque Wrench,Hydraulic Torque Wrench,Industrial Flanges,Applies high torque accurately,
Impact Wrench,Pneumatic/Electric Impact Wrench,Workshop,Quickly tightens and removes bolts,
Hammer,Claw Hammer,General Construction,Driving and removing nails,
Ball Peen Hammer,Ball Peen Hammer,Mechanical Workshop,Metal shaping,
Rubber Mallet,Rubber Mallet,Tile & PVC Work,Prevents surface damage,
Sledge Hammer,Sledge Hammer,Demolition,Heavy striking work,
Screwdriver,Flat Head Screwdriver,Electrical & Plumbing,Tightens flat screws,
Phillips Screwdriver,Phillips Screwdriver,General Assembly,Tightens cross-head screws,
Impact Driver,Impact Screwdriver,Heavy Duty Fastening,Removes tight screws,
Nut Driver,Nut Driver,Mechanical Work,Tightens hex nuts,
Adjustable Wrench,Adjustable Spanner,General Plumbing,Tightens different size nuts,
Pipe Wrench,Pipe Wrench,GI Pipe Installation,Tightens threaded pipes,
Torque Wrench,Torque Wrench,Flange & Pump,Applies specified torque,
Allen Key,Hex Key,Mixer & Pump,Tightens hex socket screws,
Combination Spanner,Combination Wrench,Mechanical Work,Tightens nuts and bolts,
Socket Wrench,Socket Wrench,Machine Installation,Works with socket sets,
Ratchet Wrench,Ratchet Wrench,Maintenance,Fast tightening,
Pliers,Combination Pliers,General Work,Holds and cuts wires,
Long Nose Plier,Long Nose Plier,Electrical Work,Holds small objects,
Water Pump Plier,Water Pump Plier,Plumbing,Grips pipe fittings,
Locking Plier,Vise Grip,Workshop,Locks on workpiece,
Wire Stripper,Wire Stripper,Electrical Work,Removes wire insulation,
Bolt Cutter,Bolt Cutter,Steel Work,Cuts bolts and rods,
Cable Cutter,Cable Cutter,Electrical Work,Cuts electrical cables,
Tin Snip,Tin Snips,Sheet Metal,Cuts sheet metal,
Hacksaw,Hacksaw,Metal Pipe,Cuts metal and plastic,
Hand Saw,Hand Saw,Wood Work,Cuts wood,
Jigsaw,Jigsaw,Wood & Plastic,Curved cutting,
Reciprocating Saw,Reciprocating Saw,Demolition,Cuts pipes and wood,
Circular Saw,Circular Saw,Wood Work,Straight cutting,
Air Saw,Pneumatic Air Saw,Workshop,Fast cutting,
Utility Knife,Utility Knife,General Work,Cuts plastic and cartons,
Box Cutter,Box Cutter,Packaging,Opens boxes,
Scissors,Industrial Scissors,General Work,Cuts paper and plastic,
Chisel,Cold Chisel,Concrete & Metal,Chipping work,
Crowbar,Pry Bar,Demolition,Lifts and removes materials,
File,Metal File,Workshop,Smoothens metal edges,
Wire Brush,Steel Wire Brush,Welding,Cleans rust and welds,
Angle Grinder,Angle Grinder,Steel Fabrication,Cutting and grinding,
Air Grinder,Pneumatic Grinder,Workshop,Grinding and polishing,
Bench Grinder,Bench Grinder,Workshop,Sharpens tools,
Sander,Orbital Sander,Wood Work,Smoothens surfaces,
Plasma Cutter,Plasma Cutting Machine,Fabrication,Cuts steel plates,
Pipe Cutter,PVC/Copper Pipe Cutter,Plumbing,Cuts pipes cleanly,
Hydraulic Cutter,Hydraulic Pipe Cutter,Heavy Pipe,Cuts large pipes,
Measuring Tape,Steel Tape Measure,Site Measurement,Measures length,
Laser Distance Meter,Laser Distance Meter,Survey,Measures long distances,
Spirit Level,Spirit Level,Pipe Installation,Checks horizontal and vertical level,
Plumb Bob,Plumb Bob,Masonry & Plumbing,Checks vertical alignment,
Digital Multimeter,Digital Multimeter,Electrical Testing,Measures voltage and current,
Drill Machine,Electric Drill,Wall & Slab,Drills holes,
Hammer Drill,Rotary Hammer Drill,Concrete,Heavy drilling,
Air Drill,Pneumatic Drill,Workshop,Compressed-air drilling,
Impact Wrench,Air Impact Wrench,Automobile & Steel,Removes tight nuts,
Air Ratchet,Pneumatic Ratchet,Mechanical Work,Fast bolt tightening,
Air Hammer,Pneumatic Hammer,Workshop,Chiseling and riveting,
Air Blow Gun,Air Blow Gun,Workshop,Cleans dust with compressed air,
Spray Gun,Air Spray Gun,Painting,Applies paint evenly,
Caulking Gun,Sealant Gun,Toilet & Kitchen,Applies silicone sealant,
Staple Gun,Staple Gun,Wood & Fabric,Fastens staples,
Clamp,C Clamp,Workshop,Holds workpiece firmly,
Bench Vice,Bench Vice,Workshop,Holds pipe or metal securely,
Hydraulic Jack,Hydraulic Jack,Vehicle & Equipment,Lifts heavy loads,
Paint Brush,Paint Brush,Finishing,Applies paint,
Router,Wood Router,Carpentry,Cuts grooves in wood,
Awl,Awl,Marking Work,Makes starter holes,
Measuring Wheel,Measuring Wheel,Site Survey,Measures long ground distances,
Core Drill,Core Cutting Machine,MEP Installation,Creates pipe openings in RCC,
Water Fire Extinguisher,Water Type Fire Extinguisher,"Office, School, Wood Storage","Extinguishes Class A fires (wood, paper, cloth)",
Foam Fire Extinguisher,Aqueous Film Forming Foam (AFFF),"Fuel Storage, Petrol Pump",Extinguishes Class A & B fires,
Dry Powder Extinguisher,Dry Chemical Powder (DCP),"Factory, Electrical Room","Extinguishes Class A, B & C fires",
ABC Fire Extinguisher,ABC Dry Chemical Powder,Extinguishes General Fires,"Suitable for Class A, B & C fires",
BC Fire Extinguisher,BC Dry Chemical Powder,"Petrol Pump, LPG Area",Extinguishes Class B & C fires,
CO₂ Fire Extinguisher,Carbon Dioxide Fire Extinguisher,"Server Room, Electrical Panel",Extinguishes electrical and liquid fires without residue,
Clean Agent Extinguisher,Clean Agent Fire Extinguisher,"Data Center, Telecom Room",Extinguishes fire without damaging equipment,
Halon Extinguisher,Halon Fire Extinguisher,"Aircraft, Military (limited use)",Extinguishes electrical fires,
Wet Chemical Extinguisher,Wet Chemical Fire Extinguisher,Commercial Kitchen,Extinguishes Class K/F cooking oil fires,
Water Mist Extinguisher,Water Mist Fire Extinguisher,"Hospital, Museum, Electrical Area",Extinguishes multiple fire classes with fine mist,
Class A Extinguisher,Class A Fire Extinguisher,"Wood, Paper Storage",For ordinary combustible materials,
Class B Extinguisher,Class B Fire Extinguisher,Fuel Storage,For flammable liquids,
Class C Extinguisher,Class C Fire Extinguisher,Electrical Room,For energized electrical equipment,
Class D Extinguisher,Class D Fire Extinguisher,Metal Industry,For combustible metal fires,
Class K Extinguisher,Class K Fire Extinguisher,Restaurant Kitchen,For cooking oils and fats,
Automatic Fire Extinguisher,Automatic Modular Fire Extinguisher,"Electrical Panel, DG Room",Activates automatically during fire,
Trolley Mounted Extinguisher,Trolley Type Fire Extinguisher,"Oil Depot, Industrial Plant",Large-capacity firefighting,
Ceiling Mounted Extinguisher,Ceiling Mounted Automatic Extinguisher,Server Room,Automatic fire suppression,
Fire Extinguisher Cabinet,Fire Extinguisher Box,Building Corridor,Protects extinguisher from damage,
Fire Extinguisher Stand,Portable Fire Extinguisher Stand,"Office, Factory",Holds extinguisher safely,
Fire Extinguisher Bracket,Wall Mount Bracket,Wall Installation,Mounts extinguisher on wall,
Fire Blanket,Fire Blanket,"Kitchen, Laboratory",Smothers small fires,
Fire Bucket,Fire Bucket with Sand,Fire Point,Used for sand or water firefighting,
Fire Sand Bucket,Fire Sand Bucket,Fuel Storage,Controls oil and fuel fires,
Fire Hose Reel,Fire Hose Reel,Hydrant System,Provides continuous water supply for firefighting,
Fire Hose,Fire Fighting Hose,Hydrant System,Delivers water to fire location,
Fire Nozzle,Fire Hose Nozzle,Fire Hose,End control and spray pattern,
Electric Drill,Electric Drill Machine,Wall & Metal,Drills holes,
Hammer Drill,Rotary Hammer Drill,Concrete,Drills concrete and masonry,
Impact Drill,Impact Drill,Brick Wall,Drills hard surfaces,
Impact Driver,Impact Driver,Screw Fastening,Drives screws with high torque,
Cordless Drill,Cordless Drill Machine,General Site Work,Portable drilling,
Angle Grinder,Angle Grinder,Steel Fabrication,Cuts and grinds metal,
Bench Grinder,Bench Grinder,Workshop,Sharpens tools,
Die Grinder,Electric Die Grinder,Metal Finishing,Grinding and polishing,
Cut Off Machine,Abrasive Cut Off Machine,Steel Pipe,Cuts metal sections,
Circular Saw,Circular Saw,Wood & Plastic,Straight cutting,
Jigsaw,Jigsaw Machine,Wood & PVC,Curved cutting,
Reciprocating Saw,Reciprocating Saw,Demolition,"Cuts pipe, wood and metal",
Band Saw,Band Saw,Workshop,Precision cutting,
Miter Saw,Compound Miter Saw,Carpentry,Angle cutting,
Table Saw,Table Saw,Wood Workshop,Sheet cutting,
Chain Saw,Chain Saw,Wood Work,Cuts timber,
Pipe Cutter,Electric Pipe Cutter,Plumbing,"Cuts PVC, CPVC and steel pipes",
Pipe Threading Machine,Electric Pipe Threading Machine,GI Pipe,Makes pipe threads,
Grooving Machine,Pipe Grooving Machine,Fire Fighting,Makes grooves for couplings,
Core Cutting Machine,Core Drill Machine,RCC Slab,Creates pipe openings,
Rotary Hammer,SDS Rotary Hammer,Construction,Heavy drilling and chiseling,
Demolition Hammer,Demolition Hammer,Concrete Breaking,Breaks RCC and concrete,
Wall Chaser,Wall Chaser Machine,MEP Installation,Cuts grooves for conduit and pipes,
Heat Gun,Heat Gun,Electrical & Plumbing,Shrinks sleeves and softens plastic,
Hot Air Gun,Industrial Hot Air Gun,PVC Work,Heating and bending PVC,
PVC Welding Machine,PVC Welding Machine,PVC Fabrication,Welds PVC sheets,
HDPE Butt Fusion Machine,HDPE Butt Fusion Welding Machine,HDPE Pipeline,Joins HDPE pipes,
Electrofusion Machine,HDPE Electrofusion Machine,HDPE Pipe,Joins HDPE fittings,
PPR Welding Machine,PPR Fusion Welding Machine,PPR Pipe,Joins PPR pipes,
Plastic Pipe Welder,Plastic Pipe Welding Machine,Thermoplastic Pipe,Welds plastic pipes,
Arc Welding Machine,Shielded Metal Arc Welder,Steel Fabrication,Welds steel,
MIG Welding Machine,Metal Inert Gas Welder,Fabrication,Fast welding,
TIG Welding Machine,Tungsten Inert Gas Welder,SS & Aluminium,High-quality welding,
Plasma Cutter,Plasma Cutting Machine,Fabrication,Cuts steel plates,
Air Compressor,Air Compressor,Workshop,Supplies compressed air,
Air Impact Wrench,Pneumatic Impact Wrench,Mechanical Work,Removes tight bolts,
Air Ratchet,Pneumatic Ratchet,Workshop,Fast bolt tightening,
Air Drill,Pneumatic Drill,Workshop,Compressed-air drilling,
Air Grinder,Pneumatic Grinder,Metal Work,Grinding and polishing,
Air Hammer,Pneumatic Hammer,Workshop,Chiseling and riveting,
Air Screwdriver,Pneumatic Screwdriver,Assembly Line,Drives screws,
Air Blow Gun,Pneumatic Blow Gun,Workshop,Cleans dust,
Spray Gun,Air Spray Gun,Painting,Applies paint,
Caulking Gun,Electric Caulking Gun,Sealant Work,Applies silicone and sealant,
Paint Sprayer,Electric Paint Sprayer,Finishing,Paints large surfaces,
Orbital Sander,Orbital Sander,Wood & Metal,Smooth finishing,
Belt Sander,Belt Sander,Workshop,Heavy surface finishing,
Polisher,Electric Polisher,Metal & Stone,Polishes surfaces,
Hydraulic Crimping Tool,Hydraulic Crimping Machine,Cable Work,Crimps cable lugs,
Hydraulic Pipe Bender,Hydraulic Pipe Bending Machine,Conduit & Pipe,Bends metal pipes,
Short Name,Full Name,Kaha Use Hota Hai,Purpose
BOQ,Bill of Quantities,Tender & Billing,Quantity and cost estimation
BOM,Bill of Materials,Procurement,List of required materials
MTO,Material Take Off,Planning,Material quantity calculation
MIR,Material Inspection Request,QA/QC,Request for material inspection
WIR,Work Inspection Request,QA/QC,Request for work inspection
IR,Inspection Request,QA/QC,Request for inspection approval
RFI,Request for Information,Client/Consultant,Clarification on drawings/specifications
RFA,Request for Approval,Client/Consultant,Approval for materials/documents
MAR,Material Approval Request,Consultant,Material approval
MAS,Material Approval Submittal,Consultant,Submit material details
MTS,Material Test Certificate,QA/QC,Certifies material quality
COC,Certificate of Compliance,QA/QC,Confirms standard compliance
ITP,Inspection & Test Plan,QA/QC,Inspection procedure
QAP,Quality Assurance Plan,QA/QC,Quality control process
MS,Method Statement,Site,Execution procedure
RA,Risk Assessment,Safety,Risk identification
JSA,Job Safety Analysis,Safety,Job hazard analysis
HIRA,Hazard Identification & Risk Assessment,Safety,Hazard evaluation
PTW,Permit To Work,Safety,Permission before work
TBT,Tool Box Talk,Safety,Daily safety briefing
PPE,Personal Protective Equipment,Safety,Safety equipment
HSE,Health Safety Environment,Safety,Safety management
EHS,Environment Health Safety,Safety,Environmental safety
NCR,Non-Conformance Report,QA/QC,Reports non-compliance
CAR,Corrective Action Report,QA/QC,Action to correct defects
OBS,Observation,QA/QC,Site observation report
SIR,Site Inspection Report,QA/QC,Site inspection record
DPR,Daily Progress Report,Project,Daily work report
DLR,Daily Labour Report,Site,Daily manpower report
DMR,Daily Material Report,Store,Daily material record
MPR,Monthly Progress Report,Project,Monthly project status
MOM,Minutes of Meeting,Project,Meeting record
LOI,Letter of Intent,Contract,Initial work authorization
WO,Work Order,Contract,Official work instruction
PO,Purchase Order,Procurement,Material purchase order
PR,Purchase Requisition,Store,Request to purchase material
RFQ,Request for Quotation,Procurement,Request for supplier quotation
PI,Proforma Invoice,Procurement,Quotation invoice
DO,Delivery Order,Store,Material delivery document
DC,Delivery Challan,Store,Material delivery proof
GRN,Goods Receipt Note,Store,Material receiving record
DN,Debit Note,Accounts,Adjustment document
CN,Credit Note,Accounts,Credit adjustment document
IPC,Interim Payment Certificate,Billing,Running bill approval
RA Bill,Running Account Bill,Billing,Progress payment bill
MB,Measurement Book,Billing,Measurement record
BBS,Bar Bending Schedule,Civil,Reinforcement schedule
IFC,Issued For Construction,Drawing,Approved construction drawing
IFA,Issued For Approval,Drawing,Approval drawing
IFR,Issued For Review,Drawing,Review drawing
IFT,Issued For Tender,Tender,Tender drawing
AFC,Approved For Construction,Drawing,Final approved drawing
ABD,As Built Drawing,Handover,Final completed drawing
SD,Shop Drawing,Execution,Construction drawing
GA,General Arrangement Drawing,Drawing,Overall layout
ISO,Isometric Drawing,Drawing,3D pipeline drawing
P&ID,Piping & Instrumentation Diagram,Process,Process piping drawing
O&M,Operation & Maintenance,Handover,Operation manual
T&C,Testing & Commissioning,Commissioning,System testing
FAT,Factory Acceptance Test,Factory,Equipment testing
SAT,Site Acceptance Test,Site,Equipment acceptance test
ATP,Acceptance Test Procedure,Commissioning,Test procedure
DLP,Defect Liability Period,Handover,Defect warranty period
